subj,Trial_Number,Item_Type,Response,Correctness,Old_new,Similarity,SetID
1,1,Target,1,1,1,1,1
1,2,F1,0,1,0,0.75,2
1,3,F2,1,0,0,0.5,3
1,4,F2,1,0,0,0.5,4
1,5,F1,1,0,0,0.75,5
1,6,F3,0,1,0,0.25,6
1,7,F1,1,0,0,0.75,7
1,8,F2,1,0,0,0.5,8
1,9,F3,1,0,0,0.25,9
1,10,F3,0,1,0,0.25,10
1,11,F3,0,1,0,0.25,11
1,12,F1,0,1,0,0.75,12
1,13,F1,0,1,0,0.75,13
1,14,Target,1,1,1,1,14
1,15,F1,1,0,0,0.75,9
1,16,F2,0,1,0,0.5,15
1,17,Target,1,1,1,1,12
1,18,F3,0,1,0,0.25,14
1,19,F2,0,1,0,0.5,16
1,20,Target,1,1,1,1,10
1,21,F3,0,1,0,0.25,17
1,22,F1,1,0,0,0.75,18
1,23,F1,1,0,0,0.75,19
1,24,F1,1,0,0,0.75,20
1,25,F2,0,1,0,0.5,18
1,26,F1,0,1,0,0.75,21
1,27,F1,1,0,0,0.75,1
1,28,F3,0,1,0,0.25,22
1,29,F2,0,1,0,0.5,10
1,30,F1,1,0,0,0.75,14
1,31,F3,0,1,0,0.25,23
1,32,Target,1,1,1,1,24
1,33,Target,1,1,1,1,5
1,34,F1,1,0,0,0.75,25
1,35,Target,1,1,1,1,7
1,36,F1,0,1,0,0.75,26
1,37,F1,0,1,0,0.75,4
1,38,Target,1,1,1,1,27
1,39,Target,1,1,1,1,2
1,40,Target,1,1,1,1,28
1,41,F3,1,0,0,0.25,4
1,42,F3,0,1,0,0.25,29
1,43,F1,0,1,0,0.75,30
1,44,Target,1,1,1,1,31
1,45,F2,0,1,0,0.5,5
1,46,Target,1,1,1,1,26
1,47,F1,0,1,0,0.75,32
1,48,F1,0,1,0,0.75,3
1,49,Target,1,1,1,1,9
1,50,F3,0,1,0,0.25,3
1,51,F3,1,0,0,0.25,32
1,52,F2,0,1,0,0.5,7
1,53,Target,0,0,1,1,22
1,54,F2,0,1,0,0.5,33
1,55,F2,0,1,0,0.5,34
1,56,Target,1,1,1,1,18
1,57,F3,0,1,0,0.25,35
1,58,Target,1,1,1,1,36
1,59,F3,0,1,0,0.25,2
1,60,F1,1,0,0,0.75,37
1,61,F1,1,0,0,0.75,34
1,62,F3,0,1,0,0.25,26
1,63,F3,0,1,0,0.25,38
1,64,F2,1,0,0,0.5,39
1,65,F2,0,1,0,0.5,14
1,66,F2,0,1,0,0.5,40
1,67,F1,0,1,0,0.75,41
1,68,F1,1,0,0,0.75,42
1,69,F3,0,1,0,0.25,43
1,70,F3,1,0,0,0.25,44
1,71,Target,1,1,1,1,6
1,72,F1,1,0,0,0.75,45
1,73,F2,0,1,0,0.5,46
1,74,F3,0,1,0,0.25,47
1,75,F3,1,0,0,0.25,45
1,76,Target,1,1,1,1,48
1,77,F2,1,0,0,0.5,38
1,78,Target,1,1,1,1,19
1,79,F1,0,1,0,0.75,49
1,80,Target,1,1,1,1,47
1,81,F2,1,0,0,0.5,49
1,82,F3,0,1,0,0.25,50
1,83,F3,0,1,0,0.25,20
1,84,F3,0,1,0,0.25,51
1,85,F2,0,1,0,0.5,6
1,86,F2,0,1,0,0.5,43
1,87,F1,1,0,0,0.75,50
1,88,F1,1,0,0,0.75,11
1,89,Target,1,1,1,1,4
1,90,Target,1,1,1,1,23
1,91,F2,0,1,0,0.5,52
1,92,F2,0,1,0,0.5,48
1,93,F1,0,1,0,0.75,53
1,94,F2,0,1,0,0.5,29
1,95,F1,1,0,0,0.75,54
1,96,Target,1,1,1,1,30
1,97,Target,1,1,1,1,55
1,98,F2,0,1,0,0.5,56
1,99,F2,0,1,0,0.5,2
1,100,Target,1,1,1,1,15
1,101,F1,0,1,0,0.75,57
1,102,Target,1,1,1,1,43
1,103,F3,0,1,0,0.25,58
1,104,F3,0,1,0,0.25,54
1,105,F3,0,1,0,0.25,7
1,106,F3,0,1,0,0.25,59
1,107,Target,0,0,1,1,20
1,108,F3,1,0,0,0.25,39
1,109,Target,1,1,1,1,13
1,110,F2,0,1,0,0.5,60
1,111,F2,0,1,0,0.5,61
1,112,F2,0,1,0,0.5,41
1,113,F2,0,1,0,0.5,23
1,114,Target,1,1,1,1,62
1,115,F3,0,1,0,0.25,15
1,116,Target,1,1,1,1,56
1,117,F1,0,1,0,0.75,36
1,118,F2,0,1,0,0.5,30
1,119,F3,1,0,0,0.25,49
1,120,F1,1,0,0,0.75,63
1,121,F3,0,1,0,0.25,64
1,122,F3,0,1,0,0.25,60
1,123,Target,1,1,1,1,54
1,124,F1,0,1,0,0.75,65
1,125,F2,0,1,0,0.5,36
1,126,Target,1,1,1,1,25
1,127,F3,0,1,0,0.25,66
1,128,F3,0,1,0,0.25,34
1,129,F3,0,1,0,0.25,67
1,130,F3,0,1,0,0.25,65
1,131,F3,1,0,0,0.25,53
1,132,F2,1,0,0,0.5,57
1,133,F2,0,1,0,0.5,68
1,134,F1,0,1,0,0.75,56
1,135,F2,1,0,0,0.5,47
1,136,F1,0,1,0,0.75,44
1,137,F2,0,1,0,0.5,12
1,138,F1,0,1,0,0.75,43
1,139,F1,1,0,0,0.75,61
1,140,F1,1,0,0,0.75,69
1,141,F1,0,1,0,0.75,6
1,142,F2,0,1,0,0.5,1
1,143,F1,1,0,0,0.75,59
1,144,F1,1,0,0,0.75,39
1,145,F2,0,1,0,0.5,50
1,146,F1,1,0,0,0.75,10
1,147,F1,1,0,0,0.75,70
1,148,F3,0,1,0,0.25,24
1,149,F1,1,0,0,0.75,71
1,150,Target,1,1,1,1,70
1,151,Target,1,1,1,1,72
1,152,Target,1,1,1,1,60
1,153,Target,1,1,1,1,35
1,154,F3,0,1,0,0.25,73
1,155,F1,1,0,0,0.75,66
1,156,Target,1,1,1,1,69
1,157,F3,0,1,0,0.25,16
1,158,F1,0,1,0,0.75,74
1,159,Target,1,1,1,1,46
1,160,F1,1,0,0,0.75,22
1,161,F2,0,1,0,0.5,75
1,162,F1,0,1,0,0.75,29
1,163,F3,0,1,0,0.25,71
1,164,Target,1,1,1,1,58
1,165,Target,1,1,1,1,74
1,166,F3,1,0,0,0.25,21
1,167,F2,0,1,0,0.5,11
1,168,F3,0,1,0,0.25,33
1,169,F3,0,1,0,0.25,40
1,170,Target,1,1,1,1,66
1,171,F2,0,1,0,0.5,62
1,172,Target,1,1,1,1,45
1,173,F1,0,1,0,0.75,28
1,174,F1,1,0,0,0.75,38
1,175,Target,1,1,1,1,32
1,176,F3,0,1,0,0.25,27
1,177,Target,1,1,1,1,51
1,178,F2,0,1,0,0.5,67
1,179,F1,1,0,0,0.75,64
1,180,F3,1,0,0,0.25,57
1,181,F2,0,1,0,0.5,19
1,182,Target,1,1,1,1,17
1,183,F2,1,0,0,0.5,13
1,184,Target,1,1,1,1,76
1,185,F2,0,1,0,0.5,9
1,186,F3,0,1,0,0.25,74
1,187,F3,0,1,0,0.25,41
1,188,F1,0,1,0,0.75,77
1,189,F2,0,1,0,0.5,24
1,190,F3,0,1,0,0.25,55
1,191,F3,0,1,0,0.25,78
1,192,F3,0,1,0,0.25,61
1,193,F2,1,0,0,0.5,45
1,194,F2,1,0,0,0.5,42
1,195,F1,1,0,0,0.75,47
1,196,F3,0,1,0,0.25,25
1,197,F2,0,1,0,0.5,27
1,198,F2,0,1,0,0.5,31
1,199,Target,1,1,1,1,29
1,200,F3,0,1,0,0.25,75
1,201,F2,0,1,0,0.5,65
1,202,F3,0,1,0,0.25,37
1,203,F1,0,1,0,0.75,76
1,204,F2,1,0,0,0.5,22
1,205,F3,0,1,0,0.25,28
1,206,Target,1,1,1,1,33
1,207,F2,0,1,0,0.5,59
1,208,F2,0,1,0,0.5,53
1,209,Target,1,1,1,1,37
1,210,Target,1,1,1,1,49
1,211,F2,1,0,0,0.5,78
1,212,Target,1,1,1,1,57
1,213,Target,1,1,1,1,3
1,214,F3,0,1,0,0.25,12
1,215,F1,1,0,0,0.75,27
1,216,Target,1,1,1,1,40
1,217,Target,1,1,1,1,77
1,218,F1,0,1,0,0.75,51
1,219,F2,0,1,0,0.5,70
1,220,F2,0,1,0,0.5,77
1,221,F1,1,0,0,0.75,35
1,222,F2,0,1,0,0.5,51
1,223,Target,0,0,1,1,53
1,224,Target,1,1,1,1,34
1,225,Target,1,1,1,1,73
1,226,F3,0,1,0,0.25,77
1,227,Target,0,0,1,1,63
1,228,Target,1,1,1,1,75
1,229,F3,0,1,0,0.25,68
1,230,F3,0,1,0,0.25,63
1,231,F2,1,0,0,0.5,72
1,232,F2,1,0,0,0.5,71
1,233,F3,0,1,0,0.25,69
1,234,F1,0,1,0,0.75,78
1,235,Target,0,0,1,1,67
1,236,Target,1,1,1,1,71
1,237,F3,0,1,0,0.25,48
1,238,F2,0,1,0,0.5,74
1,239,F3,0,1,0,0.25,8
1,240,F2,0,1,0,0.5,28
1,241,F2,0,1,0,0.5,69
1,242,F3,0,1,0,0.25,30
1,243,F1,0,1,0,0.75,24
1,244,F3,0,1,0,0.25,56
1,245,F2,0,1,0,0.5,17
1,246,F3,0,1,0,0.25,5
1,247,F2,0,1,0,0.5,76
1,248,F1,1,0,0,0.75,31
1,249,F1,1,0,0,0.75,73
1,250,F1,0,1,0,0.75,62
1,251,F3,0,1,0,0.25,52
1,252,F3,0,1,0,0.25,1
1,253,F3,0,1,0,0.25,62
1,254,F3,0,1,0,0.25,31
1,255,F1,1,0,0,0.75,8
1,256,F2,0,1,0,0.5,63
1,257,F2,0,1,0,0.5,66
1,258,Target,0,0,1,1,78
1,259,F3,0,1,0,0.25,42
1,260,F1,0,1,0,0.75,46
1,261,F3,0,1,0,0.25,13
1,262,Target,1,1,1,1,39
1,263,Target,1,1,1,1,50
1,264,Target,1,1,1,1,41
1,265,F2,0,1,0,0.5,44
1,266,F1,0,1,0,0.75,48
1,267,F1,1,0,0,0.75,60
1,268,F2,0,1,0,0.5,37
1,269,Target,1,1,1,1,52
1,270,F2,0,1,0,0.5,55
1,271,F3,0,1,0,0.25,72
1,272,Target,1,1,1,1,11
1,273,F3,0,1,0,0.25,70
1,274,F2,0,1,0,0.5,26
1,275,F3,0,1,0,0.25,36
1,276,F2,0,1,0,0.5,21
1,277,F2,0,1,0,0.5,73
1,278,Target,1,1,1,1,61
1,279,F3,0,1,0,0.25,19
1,280,F1,0,1,0,0.75,67
1,281,F1,0,1,0,0.75,15
1,282,F1,0,1,0,0.75,52
1,283,Target,1,1,1,1,64
1,284,Target,0,0,1,1,44
1,285,Target,1,1,1,1,42
1,286,F1,1,0,0,0.75,16
1,287,F1,0,1,0,0.75,40
1,288,Target,1,1,1,1,8
1,289,F2,0,1,0,0.5,58
1,290,F1,0,1,0,0.75,58
1,291,F2,0,1,0,0.5,20
1,292,F1,0,1,0,0.75,23
1,293,F2,0,1,0,0.5,32
1,294,Target,1,1,1,1,65
1,295,F1,0,1,0,0.75,75
1,296,Target,1,1,1,1,16
1,297,F3,0,1,0,0.25,18
1,298,F3,0,1,0,0.25,76
1,299,Target,0,0,1,1,21
1,300,F2,1,0,0,0.5,35
1,301,F1,0,1,0,0.75,17
1,302,F1,0,1,0,0.75,33
1,303,F1,0,1,0,0.75,72
1,304,Target,0,0,1,1,38
1,305,F1,0,1,0,0.75,68
1,306,F2,0,1,0,0.5,64
1,307,F2,0,1,0,0.5,25
1,308,F1,0,1,0,0.75,55
1,309,F3,0,1,0,0.25,46
1,310,Target,1,1,1,1,68
1,311,F2,1,0,0,0.5,54
1,312,Target,1,1,1,1,59
2,1,F2,0,1,0,0.5,625
2,2,Target,1,1,1,1,626
2,3,Target,1,1,1,1,627
2,4,F1,1,0,0,0.75,628
2,5,F1,0,1,0,0.75,629
2,6,Target,1,1,1,1,630
2,7,F1,0,1,0,0.75,631
2,8,Target,1,1,1,1,632
2,9,Target,1,1,1,1,633
2,10,Target,1,1,1,1,634
2,11,F3,0,1,0,0.25,635
2,12,F2,0,1,0,0.5,636
2,13,F1,0,1,0,0.75,637
2,14,F1,0,1,0,0.75,638
2,15,F2,0,1,0,0.5,639
2,16,F1,0,1,0,0.75,640
2,17,F3,0,1,0,0.25,641
2,18,F3,0,1,0,0.25,642
2,19,F1,0,1,0,0.75,643
2,20,F2,0,1,0,0.5,644
2,21,F1,0,1,0,0.75,645
2,22,F1,1,0,0,0.75,646
2,23,F3,0,1,0,0.25,647
2,24,F1,1,0,0,0.75,648
2,25,F3,1,0,0,0.25,649
2,26,Target,1,1,1,1,647
2,27,F1,1,0,0,0.75,650
2,28,F2,0,1,0,0.5,651
2,29,Target,1,1,1,1,652
2,30,F2,0,1,0,0.5,653
2,31,F1,1,0,0,0.75,654
2,32,F2,0,1,0,0.5,655
2,33,Target,1,1,1,1,656
2,34,F2,0,1,0,0.5,637
2,35,F2,0,1,0,0.5,648
2,36,Target,1,1,1,1,657
2,37,F2,0,1,0,0.5,658
2,38,F2,0,1,0,0.5,640
2,39,F2,1,0,0,0.5,659
2,40,F3,0,1,0,0.25,660
2,41,F3,0,1,0,0.25,661
2,42,F3,0,1,0,0.25,662
2,43,F2,0,1,0,0.5,641
2,44,Target,1,1,1,1,663
2,45,F3,0,1,0,0.25,629
2,46,F3,0,1,0,0.25,643
2,47,Target,1,1,1,1,664
2,48,F3,0,1,0,0.25,654
2,49,F2,0,1,0,0.5,662
2,50,F3,1,0,0,0.25,630
2,51,F2,0,1,0,0.5,665
2,52,F2,1,0,0,0.5,666
2,53,F2,0,1,0,0.5,628
2,54,F1,0,1,0,0.75,667
2,55,F1,1,0,0,0.75,626
2,56,F1,0,1,0,0.75,661
2,57,F2,0,1,0,0.5,664
2,58,F3,0,1,0,0.25,668
2,59,F1,0,1,0,0.75,627
2,60,Target,1,1,1,1,669
2,61,F1,0,1,0,0.75,670
2,62,Target,1,1,1,1,671
2,63,F3,0,1,0,0.25,645
2,64,F2,0,1,0,0.5,672
2,65,F2,0,1,0,0.5,673
2,66,Target,1,1,1,1,644
2,67,F1,1,0,0,0.75,674
2,68,F1,0,1,0,0.75,675
2,69,Target,1,1,1,1,676
2,70,Target,1,1,1,1,677
2,71,F3,0,1,0,0.25,678
2,72,Target,1,1,1,1,665
2,73,F1,1,0,0,0.75,679
2,74,F1,1,0,0,0.75,664
2,75,F2,1,0,0,0.5,661
2,76,F3,0,1,0,0.25,674
2,77,Target,1,1,1,1,678
2,78,F3,0,1,0,0.25,664
2,79,Target,1,1,1,1,668
2,80,F3,0,1,0,0.25,680
2,81,F1,1,0,0,0.75,655
2,82,F2,0,1,0,0.5,681
2,83,F2,0,1,0,0.5,682
2,84,F3,0,1,0,0.25,632
2,85,F1,0,1,0,0.75,683
2,86,F1,1,0,0,0.75,684
2,87,Target,1,1,1,1,685
2,88,Target,1,1,1,1,659
2,89,F3,0,1,0,0.25,686
2,90,Target,1,1,1,1,631
2,91,F1,0,1,0,0.75,642
2,92,F2,0,1,0,0.5,642
2,93,F1,0,1,0,0.75,671
2,94,F2,1,0,0,0.5,687
2,95,F3,0,1,0,0.25,628
2,96,Target,1,1,1,1,642
2,97,F2,0,1,0,0.5,679
2,98,F3,0,1,0,0.25,625
2,99,F3,0,1,0,0.25,688
2,100,F3,0,1,0,0.25,637
2,101,F2,0,1,0,0.5,689
2,102,Target,1,1,1,1,688
2,103,F1,0,1,0,0.75,665
2,104,F3,0,1,0,0.25,650
2,105,F3,1,0,0,0.25,687
2,106,F2,1,0,0,0.5,660
2,107,F3,0,1,0,0.25,653
2,108,F1,0,1,0,0.75,685
2,109,F2,0,1,0,0.5,684
2,110,F3,0,1,0,0.25,634
2,111,F3,0,1,0,0.25,682
2,112,Target,1,1,1,1,690
2,113,F3,0,1,0,0.25,652
2,114,F3,0,1,0,0.25,683
2,115,F2,1,0,0,0.5,635
2,116,Target,1,1,1,1,637
2,117,F1,1,0,0,0.75,663
2,118,F3,0,1,0,0.25,673
2,119,F2,0,1,0,0.5,686
2,120,Target,1,1,1,1,638
2,121,F3,0,1,0,0.25,646
2,122,F2,0,1,0,0.5,671
2,123,F1,0,1,0,0.75,676
2,124,Target,1,1,1,1,689
2,125,F1,0,1,0,0.75,682
2,126,F1,1,0,0,0.75,659
2,127,F1,1,0,0,0.75,689
2,128,Target,1,1,1,1,666
2,129,F2,0,1,0,0.5,647
2,130,F1,0,1,0,0.75,691
2,131,F3,0,1,0,0.25,691
2,132,F3,0,1,0,0.25,692
2,133,Target,1,1,1,1,639
2,134,F3,0,1,0,0.25,693
2,135,F2,0,1,0,0.5,633
2,136,Target,0,0,1,1,694
2,137,F3,0,1,0,0.25,657
2,138,F2,0,1,0,0.5,688
2,139,F3,0,1,0,0.25,667
2,140,Target,1,1,1,1,654
2,141,Target,1,1,1,1,655
2,142,F3,0,1,0,0.25,676
2,143,F2,0,1,0,0.5,695
2,144,F3,0,1,0,0.25,659
2,145,F2,0,1,0,0.5,685
2,146,F3,0,1,0,0.25,626
2,147,F2,0,1,0,0.5,669
2,148,F2,0,1,0,0.5,696
2,149,F1,1,0,0,0.75,697
2,150,F2,1,0,0,0.5,698
2,151,Target,1,1,1,1,699
2,152,F2,0,1,0,0.5,652
2,153,F1,0,1,0,0.75,669
2,154,Target,1,1,1,1,672
2,155,F3,0,1,0,0.25,677
2,156,Target,1,1,1,1,645
2,157,F1,0,1,0,0.75,677
2,158,F1,0,1,0,0.75,652
2,159,F1,0,1,0,0.75,657
2,160,F1,1,0,0,0.75,694
2,161,Target,1,1,1,1,658
2,162,F2,0,1,0,0.5,692
2,163,F3,0,1,0,0.25,655
2,164,Target,1,1,1,1,673
2,165,F2,1,0,0,0.5,693
2,166,F1,0,1,0,0.75,690
2,167,Target,1,1,1,1,640
2,168,F2,1,0,0,0.5,675
2,169,F3,0,1,0,0.25,672
2,170,F2,0,1,0,0.5,677
2,171,Target,1,1,1,1,628
2,172,F2,0,1,0,0.5,683
2,173,F2,0,1,0,0.5,691
2,174,Target,1,1,1,1,680
2,175,F1,0,1,0,0.75,700
2,176,F2,0,1,0,0.5,650
2,177,Target,1,1,1,1,686
2,178,F1,0,1,0,0.75,673
2,179,F2,0,1,0,0.5,701
2,180,F2,1,0,0,0.5,626
2,181,F2,1,0,0,0.5,631
2,182,Target,1,1,1,1,691
2,183,F3,0,1,0,0.25,631
2,184,F1,0,1,0,0.75,678
2,185,F1,0,1,0,0.75,681
2,186,F1,1,0,0,0.75,630
2,187,Target,1,1,1,1,643
2,188,Target,1,1,1,1,679
2,189,F3,0,1,0,0.25,694
2,190,F1,1,0,0,0.75,695
2,191,Target,1,1,1,1,661
2,192,F3,0,1,0,0.25,636
2,193,F3,0,1,0,0.25,639
2,194,Target,1,1,1,1,662
2,195,F3,0,1,0,0.25,665
2,196,Target,1,1,1,1,646
2,197,F1,0,1,0,0.75,688
2,198,F2,0,1,0,0.5,643
2,199,F2,0,1,0,0.5,680
2,200,F2,1,0,0,0.5,702
2,201,F1,1,0,0,0.75,653
2,202,F2,0,1,0,0.5,654
2,203,F2,0,1,0,0.5,638
2,204,F1,0,1,0,0.75,699
2,205,Target,1,1,1,1,701
2,206,F1,0,1,0,0.75,639
2,207,F1,1,0,0,0.75,649
2,208,F1,0,1,0,0.75,662
2,209,Target,1,1,1,1,649
2,210,F2,1,0,0,0.5,656
2,211,F1,0,1,0,0.75,658
2,212,Target,1,1,1,1,697
2,213,F3,0,1,0,0.25,697
2,214,F1,1,0,0,0.75,656
2,215,Target,1,1,1,1,635
2,216,Target,1,1,1,1,702
2,217,F2,0,1,0,0.5,667
2,218,F2,0,1,0,0.5,700
2,219,F1,1,0,0,0.75,668
2,220,F3,1,0,0,0.25,658
2,221,F1,0,1,0,0.75,680
2,222,Target,1,1,1,1,674
2,223,F2,0,1,0,0.5,697
2,224,F2,0,1,0,0.5,627
2,225,F1,1,0,0,0.75,687
2,226,F1,1,0,0,0.75,666
2,227,Target,1,1,1,1,682
2,228,F3,0,1,0,0.25,679
2,229,Target,1,1,1,1,698
2,230,F2,0,1,0,0.5,645
2,231,Target,1,1,1,1,695
2,232,F1,0,1,0,0.75,633
2,233,F1,1,0,0,0.75,660
2,234,F2,0,1,0,0.5,646
2,235,Target,1,1,1,1,683
2,236,Target,1,1,1,1,693
2,237,F2,0,1,0,0.5,678
2,238,F1,1,0,0,0.75,632
2,239,Target,1,1,1,1,684
2,240,F1,1,0,0,0.75,701
2,241,F1,1,0,0,0.75,625
2,242,Target,1,1,1,1,687
2,243,Target,1,1,1,1,650
2,244,F3,0,1,0,0.25,685
2,245,Target,1,1,1,1,653
2,246,Target,1,1,1,1,700
2,247,F3,0,1,0,0.25,640
2,248,F2,1,0,0,0.5,630
2,249,F3,0,1,0,0.25,700
2,250,F3,0,1,0,0.25,666
2,251,F3,0,1,0,0.25,669
2,252,F1,1,0,0,0.75,693
2,253,Target,1,1,1,1,692
2,254,Target,1,1,1,1,648
2,255,F1,0,1,0,0.75,696
2,256,F1,1,0,0,0.75,647
2,257,F2,0,1,0,0.5,690
2,258,Target,1,1,1,1,667
2,259,Target,1,1,1,1,660
2,260,F3,1,0,0,0.25,696
2,261,F1,0,1,0,0.75,692
2,262,F3,0,1,0,0.25,656
2,263,F3,0,1,0,0.25,651
2,264,F3,0,1,0,0.25,695
2,265,F3,0,1,0,0.25,648
2,266,F3,0,1,0,0.25,663
2,267,Target,1,1,1,1,696
2,268,F1,0,1,0,0.75,634
2,269,F3,0,1,0,0.25,684
2,270,Target,0,0,1,1,670
2,271,F3,0,1,0,0.25,698
2,272,Target,1,1,1,1,625
2,273,F1,1,0,0,0.75,702
2,274,F3,1,0,0,0.25,675
2,275,Target,1,1,1,1,675
2,276,F1,0,1,0,0.75,698
2,277,F3,0,1,0,0.25,633
2,278,F1,0,1,0,0.75,644
2,279,F2,0,1,0,0.5,657
2,280,F2,1,0,0,0.5,629
2,281,F3,0,1,0,0.25,644
2,282,F2,0,1,0,0.5,663
2,283,Target,1,1,1,1,651
2,284,F3,0,1,0,0.25,671
2,285,F2,0,1,0,0.5,676
2,286,F2,0,1,0,0.5,670
2,287,F3,0,1,0,0.25,699
2,288,F3,0,1,0,0.25,638
2,289,F1,0,1,0,0.75,651
2,290,F2,1,0,0,0.5,674
2,291,F2,0,1,0,0.5,694
2,292,F2,0,1,0,0.5,699
2,293,F1,0,1,0,0.75,636
2,294,F1,1,0,0,0.75,641
2,295,F3,0,1,0,0.25,701
2,296,F1,1,0,0,0.75,635
2,297,F1,0,1,0,0.75,686
2,298,F2,0,1,0,0.5,634
2,299,F3,0,1,0,0.25,690
2,300,F3,0,1,0,0.25,670
2,301,Target,1,1,1,1,629
2,302,F3,0,1,0,0.25,627
2,303,F3,0,1,0,0.25,689
2,304,F2,0,1,0,0.5,668
2,305,Target,0,0,1,1,681
2,306,Target,1,1,1,1,636
2,307,F1,0,1,0,0.75,672
2,308,F2,1,0,0,0.5,649
2,309,Target,1,1,1,1,641
2,310,F3,0,1,0,0.25,702
2,311,F2,0,1,0,0.5,632
2,312,F3,0,1,0,0.25,681
3,1,F2,1,0,0,0.5,1405
3,2,F2,0,1,0,0.5,1406
3,3,F3,0,1,0,0.25,1407
3,4,F1,1,0,0,0.75,1408
3,5,F3,0,1,0,0.25,1409
3,6,Target,0,0,1,1,1410
3,7,F2,0,1,0,0.5,1411
3,8,F2,1,0,0,0.5,1412
3,9,F2,1,0,0,0.5,1413
3,10,F2,1,0,0,0.5,1414
3,11,F2,0,1,0,0.5,1415
3,12,F3,0,1,0,0.25,1416
3,13,F1,1,0,0,0.75,1417
3,14,F3,0,1,0,0.25,1418
3,15,F1,0,1,0,0.75,1419
3,16,F2,0,1,0,0.5,1420
3,17,F1,0,1,0,0.75,1421
3,18,F2,0,1,0,0.5,1422
3,19,F2,0,1,0,0.5,1416
3,20,Target,1,1,1,1,1423
3,21,F1,1,0,0,0.75,1409
3,22,F2,1,0,0,0.5,1424
3,23,F2,0,1,0,0.5,1425
3,24,F1,0,1,0,0.75,1426
3,25,F2,0,1,0,0.5,1427
3,26,F1,0,1,0,0.75,1428
3,27,F1,1,0,0,0.75,1406
3,28,F3,1,0,0,0.25,1417
3,29,F1,0,1,0,0.75,1429
3,30,Target,1,1,1,1,1428
3,31,F1,0,1,0,0.75,1430
3,32,F2,0,1,0,0.5,1430
3,33,F3,0,1,0,0.25,1431
3,34,F3,0,1,0,0.25,1429
3,35,F1,0,1,0,0.75,1432
3,36,F3,0,1,0,0.25,1433
3,37,F2,0,1,0,0.5,1434
3,38,F2,1,0,0,0.5,1435
3,39,F3,0,1,0,0.25,1436
3,40,Target,1,1,1,1,1437
3,41,F3,0,1,0,0.25,1405
3,42,F3,0,1,0,0.25,1438
3,43,F2,0,1,0,0.5,1439
3,44,F3,0,1,0,0.25,1440
3,45,F3,0,1,0,0.25,1441
3,46,F1,1,0,0,0.75,1414
3,47,Target,1,1,1,1,1442
3,48,F2,1,0,0,0.5,1443
3,49,F3,0,1,0,0.25,1444
3,50,F3,0,1,0,0.25,1422
3,51,F2,0,1,0,0.5,1436
3,52,Target,1,1,1,1,1426
3,53,F3,0,1,0,0.25,1445
3,54,F1,1,0,0,0.75,1427
3,55,Target,1,1,1,1,1434
3,56,F3,0,1,0,0.25,1406
3,57,F2,0,1,0,0.5,1433
3,58,Target,1,1,1,1,1446
3,59,F1,1,0,0,0.75,1407
3,60,Target,1,1,1,1,1406
3,61,F3,0,1,0,0.25,1447
3,62,F1,1,0,0,0.75,1439
3,63,F3,1,0,0,0.25,1448
3,64,F3,0,1,0,0.25,1449
3,65,Target,1,1,1,1,1432
3,66,F2,0,1,0,0.5,1419
3,67,F3,0,1,0,0.25,1411
3,68,F3,0,1,0,0.25,1419
3,69,F3,1,0,0,0.25,1413
3,70,F2,0,1,0,0.5,1450
3,71,F1,1,0,0,0.75,1451
3,72,F2,1,0,0,0.5,1410
3,73,F1,0,1,0,0.75,1415
3,74,F1,0,1,0,0.75,1405
3,75,Target,1,1,1,1,1452
3,76,F3,0,1,0,0.25,1428
3,77,F1,1,0,0,0.75,1424
3,78,Target,1,1,1,1,1405
3,79,F1,0,1,0,0.75,1453
3,80,F1,0,1,0,0.75,1413
3,81,F3,0,1,0,0.25,1454
3,82,F3,0,1,0,0.25,1408
3,83,Target,1,1,1,1,1412
3,84,F3,0,1,0,0.25,1455
3,85,Target,0,0,1,1,1456
3,86,F2,0,1,0,0.5,1455
3,87,Target,1,1,1,1,1408
3,88,F2,0,1,0,0.5,1452
3,89,F2,1,0,0,0.5,1437
3,90,F3,0,1,0,0.25,1446
3,91,F1,0,1,0,0.75,1445
3,92,F2,1,0,0,0.5,1445
3,93,F2,1,0,0,0.5,1442
3,94,Target,1,1,1,1,1413
3,95,F3,1,0,0,0.25,1410
3,96,F3,0,1,0,0.25,1457
3,97,Target,1,1,1,1,1458
3,98,F1,1,0,0,0.75,1459
3,99,Target,1,1,1,1,1460
3,100,F2,0,1,0,0.5,1451
3,101,F2,0,1,0,0.5,1459
3,102,F2,1,0,0,0.5,1441
3,103,F3,0,1,0,0.25,1461
3,104,F2,0,1,0,0.5,1432
3,105,F1,1,0,0,0.75,1460
3,106,Target,1,1,1,1,1448
3,107,F3,0,1,0,0.25,1462
3,108,F2,1,0,0,0.5,1463
3,109,F1,0,1,0,0.75,1464
3,110,Target,1,1,1,1,1464
3,111,Target,1,1,1,1,1414
3,112,F2,0,1,0,0.5,1465
3,113,F1,1,0,0,0.75,1434
3,114,F1,0,1,0,0.75,1466
3,115,F3,0,1,0,0.25,1456
3,116,F1,0,1,0,0.75,1446
3,117,Target,1,1,1,1,1467
3,118,F1,0,1,0,0.75,1454
3,119,F2,0,1,0,0.5,1468
3,120,F1,0,1,0,0.75,1469
3,121,Target,1,1,1,1,1439
3,122,F1,0,1,0,0.75,1440
3,123,F2,0,1,0,0.5,1458
3,124,Target,1,1,1,1,1409
3,125,F2,0,1,0,0.5,1470
3,126,F2,0,1,0,0.5,1471
3,127,Target,1,1,1,1,1457
3,128,F2,0,1,0,0.5,1472
3,129,F3,0,1,0,0.25,1473
3,130,Target,1,1,1,1,1462
3,131,F3,0,1,0,0.25,1451
3,132,F1,0,1,0,0.75,1441
3,133,F1,1,0,0,0.75,1471
3,134,F2,0,1,0,0.5,1474
3,135,Target,1,1,1,1,1424
3,136,F3,0,1,0,0.25,1474
3,137,F1,0,1,0,0.75,1435
3,138,F3,0,1,0,0.25,1468
3,139,F2,0,1,0,0.5,1446
3,140,Target,0,0,1,1,1471
3,141,F2,1,0,0,0.5,1428
3,142,F1,0,1,0,0.75,1463
3,143,F3,0,1,0,0.25,1475
3,144,F1,1,0,0,0.75,1412
3,145,F2,0,1,0,0.5,1476
3,146,F1,1,0,0,0.75,1472
3,147,F2,1,0,0,0.5,1426
3,148,F1,0,1,0,0.75,1458
3,149,Target,0,0,1,1,1474
3,150,F1,0,1,0,0.75,1461
3,151,Target,1,1,1,1,1477
3,152,Target,1,1,1,1,1436
3,153,F1,1,0,0,0.75,1465
3,154,F3,1,0,0,0.25,1464
3,155,Target,1,1,1,1,1438
3,156,Target,1,1,1,1,1425
3,157,F3,0,1,0,0.25,1434
3,158,F3,0,1,0,0.25,1424
3,159,F3,0,1,0,0.25,1443
3,160,F3,0,1,0,0.25,1467
3,161,Target,1,1,1,1,1454
3,162,Target,1,1,1,1,1455
3,163,F3,0,1,0,0.25,1420
3,164,F2,1,0,0,0.5,1453
3,165,F2,0,1,0,0.5,1456
3,166,F3,0,1,0,0.25,1421
3,167,F3,0,1,0,0.25,1476
3,168,F3,0,1,0,0.25,1459
3,169,F2,0,1,0,0.5,1477
3,170,F3,0,1,0,0.25,1458
3,171,F3,0,1,0,0.25,1439
3,172,F1,1,0,0,0.75,1449
3,173,F1,0,1,0,0.75,1478
3,174,F1,0,1,0,0.75,1433
3,175,F2,1,0,0,0.5,1461
3,176,Target,1,1,1,1,1421
3,177,Target,1,1,1,1,1440
3,178,F3,0,1,0,0.25,1466
3,179,F1,0,1,0,0.75,1468
3,180,Target,1,1,1,1,1450
3,181,Target,1,1,1,1,1433
3,182,F2,1,0,0,0.5,1479
3,183,Target,1,1,1,1,1431
3,184,Target,1,1,1,1,1451
3,185,F2,0,1,0,0.5,1464
3,186,F1,0,1,0,0.75,1447
3,187,Target,1,1,1,1,1418
3,188,F2,0,1,0,0.5,1473
3,189,Target,0,0,1,1,1459
3,190,F2,0,1,0,0.5,1431
3,191,F1,1,0,0,0.75,1442
3,192,F2,0,1,0,0.5,1429
3,193,Target,0,0,1,1,1430
3,194,Target,1,1,1,1,1427
3,195,F1,1,0,0,0.75,1456
3,196,Target,1,1,1,1,1444
3,197,F2,0,1,0,0.5,1447
3,198,Target,1,1,1,1,1472
3,199,F1,1,0,0,0.75,1467
3,200,Target,0,0,1,1,1476
3,201,F3,0,1,0,0.25,1480
3,202,F3,0,1,0,0.25,1469
3,203,F3,0,1,0,0.25,1471
3,204,Target,1,1,1,1,1422
3,205,F1,1,0,0,0.75,1422
3,206,F3,0,1,0,0.25,1412
3,207,Target,1,1,1,1,1463
3,208,F1,0,1,0,0.75,1475
3,209,F3,0,1,0,0.25,1430
3,210,F2,0,1,0,0.5,1460
3,211,Target,1,1,1,1,1479
3,212,Target,1,1,1,1,1453
3,213,F3,0,1,0,0.25,1481
3,214,Target,1,1,1,1,1461
3,215,F2,0,1,0,0.5,1421
3,216,Target,1,1,1,1,1445
3,217,F3,0,1,0,0.25,1470
3,218,F1,1,0,0,0.75,1455
3,219,F1,1,0,0,0.75,1470
3,220,F2,0,1,0,0.5,1467
3,221,F1,0,1,0,0.75,1436
3,222,F3,0,1,0,0.25,1437
3,223,F1,0,1,0,0.75,1444
3,224,F1,1,0,0,0.75,1438
3,225,F1,0,1,0,0.75,1411
3,226,F1,1,0,0,0.75,1437
3,227,F1,0,1,0,0.75,1476
3,228,F3,0,1,0,0.25,1478
3,229,F3,0,1,0,0.25,1460
3,230,F3,1,0,0,0.25,1463
3,231,Target,0,0,1,1,1468
3,232,F1,1,0,0,0.75,1450
3,233,F1,1,0,0,0.75,1452
3,234,F2,1,0,0,0.5,1449
3,235,F1,0,1,0,0.75,1416
3,236,F1,0,1,0,0.75,1480
3,237,Target,1,1,1,1,1441
3,238,F1,0,1,0,0.75,1410
3,239,Target,1,1,1,1,1480
3,240,Target,1,1,1,1,1429
3,241,F1,0,1,0,0.75,1431
3,242,F2,0,1,0,0.5,1444
3,243,F2,0,1,0,0.5,1418
3,244,F2,0,1,0,0.5,1481
3,245,Target,1,1,1,1,1411
3,246,F3,0,1,0,0.25,1453
3,247,F2,0,1,0,0.5,1409
3,248,F2,0,1,0,0.5,1462
3,249,F3,0,1,0,0.25,1414
3,250,F1,0,1,0,0.75,1482
3,251,F2,1,0,0,0.5,1417
3,252,F3,0,1,0,0.25,1479
3,253,F2,0,1,0,0.5,1438
3,254,Target,0,0,1,1,1443
3,255,Target,1,1,1,1,1470
3,256,F2,0,1,0,0.5,1466
3,257,Target,0,0,1,1,1420
3,258,F3,0,1,0,0.25,1482
3,259,Target,0,0,1,1,1417
3,260,F1,0,1,0,0.75,1479
3,261,F1,1,0,0,0.75,1457
3,262,F1,0,1,0,0.75,1474
3,263,F3,0,1,0,0.25,1426
3,264,F2,0,1,0,0.5,1475
3,265,Target,0,0,1,1,1416
3,266,Target,0,0,1,1,1475
3,267,F1,1,0,0,0.75,1443
3,268,F2,0,1,0,0.5,1454
3,269,F1,0,1,0,0.75,1473
3,270,F3,0,1,0,0.25,1465
3,271,Target,0,0,1,1,1473
3,272,F2,0,1,0,0.5,1407
3,273,F3,0,1,0,0.25,1477
3,274,F2,1,0,0,0.5,1448
3,275,F3,1,0,0,0.25,1442
3,276,F1,0,1,0,0.75,1425
3,277,Target,0,0,1,1,1447
3,278,F1,1,0,0,0.75,1423
3,279,Target,1,1,1,1,1482
3,280,F1,0,1,0,0.75,1418
3,281,F2,0,1,0,0.5,1469
3,282,F1,0,1,0,0.75,1420
3,283,F2,0,1,0,0.5,1408
3,284,F2,1,0,0,0.5,1440
3,285,Target,0,0,1,1,1407
3,286,F2,0,1,0,0.5,1480
3,287,F2,0,1,0,0.5,1423
3,288,Target,0,0,1,1,1465
3,289,F2,0,1,0,0.5,1482
3,290,Target,0,0,1,1,1478
3,291,F1,0,1,0,0.75,1481
3,292,F1,0,1,0,0.75,1448
3,293,F3,0,1,0,0.25,1472
3,294,F3,0,1,0,0.25,1432
3,295,F3,0,1,0,0.25,1435
3,296,Target,1,1,1,1,1435
3,297,F1,0,1,0,0.75,1477
3,298,Target,1,1,1,1,1419
3,299,F2,0,1,0,0.5,1478
3,300,F3,0,1,0,0.25,1425
3,301,Target,1,1,1,1,1449
3,302,F3,0,1,0,0.25,1452
3,303,F1,0,1,0,0.75,1462
3,304,Target,0,0,1,1,1469
3,305,Target,1,1,1,1,1466
3,306,F3,0,1,0,0.25,1423
3,307,F3,0,1,0,0.25,1415
3,308,F2,0,1,0,0.5,1457
3,309,F3,0,1,0,0.25,1450
3,310,Target,1,1,1,1,1415
3,311,Target,0,0,1,1,1481
3,312,F3,0,1,0,0.25,1427
4,1,F2,0,1,0,0.5,1561
4,2,F2,0,1,0,0.5,1562
4,3,F3,0,1,0,0.25,1563
4,4,F1,1,0,0,0.75,1564
4,5,F3,0,1,0,0.25,1565
4,6,Target,1,1,1,1,1566
4,7,F2,0,1,0,0.5,1567
4,8,F2,1,0,0,0.5,1568
4,9,F2,0,1,0,0.5,1569
4,10,F2,0,1,0,0.5,1570
4,11,F2,1,0,0,0.5,1571
4,12,F3,0,1,0,0.25,1572
4,13,F1,0,1,0,0.75,1573
4,14,F3,0,1,0,0.25,1574
4,15,F1,0,1,0,0.75,1575
4,16,F2,0,1,0,0.5,1576
4,17,F1,0,1,0,0.75,1577
4,18,F2,0,1,0,0.5,1578
4,19,F2,0,1,0,0.5,1572
4,20,Target,0,0,1,1,1579
4,21,F1,1,0,0,0.75,1565
4,22,F2,1,0,0,0.5,1580
4,23,F2,0,1,0,0.5,1581
4,24,F1,1,0,0,0.75,1582
4,25,F2,0,1,0,0.5,1583
4,26,F1,0,1,0,0.75,1584
4,27,F1,0,1,0,0.75,1562
4,28,F3,0,1,0,0.25,1573
4,29,F1,0,1,0,0.75,1585
4,30,Target,1,1,1,1,1584
4,31,F1,0,1,0,0.75,1586
4,32,F2,0,1,0,0.5,1586
4,33,F3,0,1,0,0.25,1587
4,34,F3,0,1,0,0.25,1585
4,35,F1,0,1,0,0.75,1588
4,36,F3,0,1,0,0.25,1589
4,37,F2,0,1,0,0.5,1590
4,38,F2,0,1,0,0.5,1591
4,39,F3,0,1,0,0.25,1592
4,40,Target,0,0,1,1,1593
4,41,F3,0,1,0,0.25,1561
4,42,F3,0,1,0,0.25,1594
4,43,F2,0,1,0,0.5,1595
4,44,F3,0,1,0,0.25,1596
4,45,F3,0,1,0,0.25,1597
4,46,F1,1,0,0,0.75,1570
4,47,Target,0,0,1,1,1598
4,48,F2,1,0,0,0.5,1599
4,49,F3,0,1,0,0.25,1600
4,50,F3,0,1,0,0.25,1578
4,51,F2,0,1,0,0.5,1592
4,52,Target,1,1,1,1,1582
4,53,F3,0,1,0,0.25,1601
4,54,F1,0,1,0,0.75,1583
4,55,Target,0,0,1,1,1590
4,56,F3,0,1,0,0.25,1562
4,57,F2,0,1,0,0.5,1589
4,58,Target,0,0,1,1,1602
4,59,F1,1,0,0,0.75,1563
4,60,Target,1,1,1,1,1562
4,61,F3,0,1,0,0.25,1603
4,62,F1,0,1,0,0.75,1595
4,63,F3,0,1,0,0.25,1604
4,64,F3,0,1,0,0.25,1605
4,65,Target,1,1,1,1,1588
4,66,F2,0,1,0,0.5,1575
4,67,F3,0,1,0,0.25,1567
4,68,F3,0,1,0,0.25,1575
4,69,F3,0,1,0,0.25,1569
4,70,F2,0,1,0,0.5,1606
4,71,F1,1,0,0,0.75,1607
4,72,F2,1,0,0,0.5,1566
4,73,F1,0,1,0,0.75,1571
4,74,F1,1,0,0,0.75,1561
4,75,Target,1,1,1,1,1608
4,76,F3,0,1,0,0.25,1584
4,77,F1,0,1,0,0.75,1580
4,78,Target,1,1,1,1,1561
4,79,F1,0,1,0,0.75,1609
4,80,F1,0,1,0,0.75,1569
4,81,F3,0,1,0,0.25,1610
4,82,F3,0,1,0,0.25,1564
4,83,Target,1,1,1,1,1568
4,84,F3,0,1,0,0.25,1611
4,85,Target,1,1,1,1,1612
4,86,F2,0,1,0,0.5,1611
4,87,Target,1,1,1,1,1564
4,88,F2,0,1,0,0.5,1608
4,89,F2,0,1,0,0.5,1593
4,90,F3,0,1,0,0.25,1602
4,91,F1,1,0,0,0.75,1601
4,92,F2,1,0,0,0.5,1601
4,93,F2,1,0,0,0.5,1598
4,94,Target,0,0,1,1,1569
4,95,F3,0,1,0,0.25,1566
4,96,F3,0,1,0,0.25,1613
4,97,Target,1,1,1,1,1614
4,98,F1,0,1,0,0.75,1615
4,99,Target,1,1,1,1,1616
4,100,F2,0,1,0,0.5,1607
4,101,F2,0,1,0,0.5,1615
4,102,F2,0,1,0,0.5,1597
4,103,F3,1,0,0,0.25,1617
4,104,F2,0,1,0,0.5,1588
4,105,F1,1,0,0,0.75,1616
4,106,Target,1,1,1,1,1604
4,107,F3,0,1,0,0.25,1618
4,108,F2,0,1,0,0.5,1619
4,109,F1,1,0,0,0.75,1620
4,110,Target,1,1,1,1,1620
4,111,Target,1,1,1,1,1570
4,112,F2,0,1,0,0.5,1621
4,113,F1,1,0,0,0.75,1590
4,114,F1,0,1,0,0.75,1622
4,115,F3,0,1,0,0.25,1612
4,116,F1,0,1,0,0.75,1602
4,117,Target,1,1,1,1,1623
4,118,F1,0,1,0,0.75,1610
4,119,F2,0,1,0,0.5,1624
4,120,F1,1,0,0,0.75,1625
4,121,Target,1,1,1,1,1595
4,122,F1,0,1,0,0.75,1596
4,123,F2,0,1,0,0.5,1614
4,124,Target,1,1,1,1,1565
4,125,F2,0,1,0,0.5,1626
4,126,F2,0,1,0,0.5,1627
4,127,Target,1,1,1,1,1613
4,128,F2,0,1,0,0.5,1628
4,129,F3,0,1,0,0.25,1629
4,130,Target,0,0,1,1,1618
4,131,F3,0,1,0,0.25,1607
4,132,F1,0,1,0,0.75,1597
4,133,F1,0,1,0,0.75,1627
4,134,F2,0,1,0,0.5,1630
4,135,Target,0,0,1,1,1580
4,136,F3,0,1,0,0.25,1630
4,137,F1,0,1,0,0.75,1591
4,138,F3,0,1,0,0.25,1624
4,139,F2,0,1,0,0.5,1602
4,140,Target,1,1,1,1,1627
4,141,F2,0,1,0,0.5,1584
4,142,F1,1,0,0,0.75,1619
4,143,F3,0,1,0,0.25,1631
4,144,F1,1,0,0,0.75,1568
4,145,F2,1,0,0,0.5,1632
4,146,F1,0,1,0,0.75,1628
4,147,F2,1,0,0,0.5,1582
4,148,F1,0,1,0,0.75,1614
4,149,Target,1,1,1,1,1630
4,150,F1,1,0,0,0.75,1617
4,151,Target,1,1,1,1,1633
4,152,Target,0,0,1,1,1592
4,153,F1,0,1,0,0.75,1621
4,154,F3,0,1,0,0.25,1620
4,155,Target,1,1,1,1,1594
4,156,Target,1,1,1,1,1581
4,157,F3,0,1,0,0.25,1590
4,158,F3,0,1,0,0.25,1580
4,159,F3,0,1,0,0.25,1599
4,160,F3,0,1,0,0.25,1623
4,161,Target,0,0,1,1,1610
4,162,Target,1,1,1,1,1611
4,163,F3,0,1,0,0.25,1576
4,164,F2,0,1,0,0.5,1609
4,165,F2,0,1,0,0.5,1612
4,166,F3,0,1,0,0.25,1577
4,167,F3,0,1,0,0.25,1632
4,168,F3,0,1,0,0.25,1615
4,169,F2,0,1,0,0.5,1633
4,170,F3,0,1,0,0.25,1614
4,171,F3,0,1,0,0.25,1595
4,172,F1,0,1,0,0.75,1605
4,173,F1,0,1,0,0.75,1634
4,174,F1,0,1,0,0.75,1589
4,175,F2,0,1,0,0.5,1617
4,176,Target,1,1,1,1,1577
4,177,Target,1,1,1,1,1596
4,178,F3,0,1,0,0.25,1622
4,179,F1,0,1,0,0.75,1624
4,180,Target,1,1,1,1,1606
4,181,Target,0,0,1,1,1589
4,182,F2,0,1,0,0.5,1635
4,183,Target,1,1,1,1,1587
4,184,Target,1,1,1,1,1607
4,185,F2,1,0,0,0.5,1620
4,186,F1,0,1,0,0.75,1603
4,187,Target,1,1,1,1,1574
4,188,F2,1,0,0,0.5,1629
4,189,Target,1,1,1,1,1615
4,190,F2,0,1,0,0.5,1587
4,191,F1,1,0,0,0.75,1598
4,192,F2,0,1,0,0.5,1585
4,193,Target,1,1,1,1,1586
4,194,Target,0,0,1,1,1583
4,195,F1,0,1,0,0.75,1612
4,196,Target,1,1,1,1,1600
4,197,F2,0,1,0,0.5,1603
4,198,Target,1,1,1,1,1628
4,199,F1,0,1,0,0.75,1623
4,200,Target,1,1,1,1,1632
4,201,F3,0,1,0,0.25,1636
4,202,F3,0,1,0,0.25,1625
4,203,F3,0,1,0,0.25,1627
4,204,Target,1,1,1,1,1578
4,205,F1,1,0,0,0.75,1578
4,206,F3,0,1,0,0.25,1568
4,207,Target,1,1,1,1,1619
4,208,F1,1,0,0,0.75,1631
4,209,F3,0,1,0,0.25,1586
4,210,F2,0,1,0,0.5,1616
4,211,Target,1,1,1,1,1635
4,212,Target,0,0,1,1,1609
4,213,F3,0,1,0,0.25,1637
4,214,Target,0,0,1,1,1617
4,215,F2,0,1,0,0.5,1577
4,216,Target,1,1,1,1,1601
4,217,F3,0,1,0,0.25,1626
4,218,F1,0,1,0,0.75,1611
4,219,F1,0,1,0,0.75,1626
4,220,F2,1,0,0,0.5,1623
4,221,F1,0,1,0,0.75,1592
4,222,F3,0,1,0,0.25,1593
4,223,F1,0,1,0,0.75,1600
4,224,F1,1,0,0,0.75,1594
4,225,F1,0,1,0,0.75,1567
4,226,F1,0,1,0,0.75,1593
4,227,F1,0,1,0,0.75,1632
4,228,F3,0,1,0,0.25,1634
4,229,F3,0,1,0,0.25,1616
4,230,F3,0,1,0,0.25,1619
4,231,Target,1,1,1,1,1624
4,232,F1,0,1,0,0.75,1606
4,233,F1,1,0,0,0.75,1608
4,234,F2,0,1,0,0.5,1605
4,235,F1,0,1,0,0.75,1572
4,236,F1,0,1,0,0.75,1636
4,237,Target,0,0,1,1,1597
4,238,F1,0,1,0,0.75,1566
4,239,Target,0,0,1,1,1636
4,240,Target,1,1,1,1,1585
4,241,F1,0,1,0,0.75,1587
4,242,F2,0,1,0,0.5,1600
4,243,F2,0,1,0,0.5,1574
4,244,F2,0,1,0,0.5,1637
4,245,Target,1,1,1,1,1567
4,246,F3,0,1,0,0.25,1609
4,247,F2,0,1,0,0.5,1565
4,248,F2,0,1,0,0.5,1618
4,249,F3,0,1,0,0.25,1570
4,250,F1,0,1,0,0.75,1638
4,251,F2,0,1,0,0.5,1573
4,252,F3,0,1,0,0.25,1635
4,253,F2,0,1,0,0.5,1594
4,254,Target,1,1,1,1,1599
4,255,Target,0,0,1,1,1626
4,256,F2,1,0,0,0.5,1622
4,257,Target,0,0,1,1,1576
4,258,F3,0,1,0,0.25,1638
4,259,Target,0,0,1,1,1573
4,260,F1,1,0,0,0.75,1635
4,261,F1,0,1,0,0.75,1613
4,262,F1,0,1,0,0.75,1630
4,263,F3,0,1,0,0.25,1582
4,264,F2,0,1,0,0.5,1631
4,265,Target,1,1,1,1,1572
4,266,Target,1,1,1,1,1631
4,267,F1,1,0,0,0.75,1599
4,268,F2,0,1,0,0.5,1610
4,269,F1,1,0,0,0.75,1629
4,270,F3,0,1,0,0.25,1621
4,271,Target,1,1,1,1,1629
4,272,F2,0,1,0,0.5,1563
4,273,F3,0,1,0,0.25,1633
4,274,F2,1,0,0,0.5,1604
4,275,F3,1,0,0,0.25,1598
4,276,F1,0,1,0,0.75,1581
4,277,Target,1,1,1,1,1603
4,278,F1,1,0,0,0.75,1579
4,279,Target,1,1,1,1,1638
4,280,F1,0,1,0,0.75,1574
4,281,F2,0,1,0,0.5,1625
4,282,F1,1,0,0,0.75,1576
4,283,F2,0,1,0,0.5,1564
4,284,F2,0,1,0,0.5,1596
4,285,Target,1,1,1,1,1563
4,286,F2,0,1,0,0.5,1636
4,287,F2,0,1,0,0.5,1579
4,288,Target,0,0,1,1,1621
4,289,F2,0,1,0,0.5,1638
4,290,Target,0,0,1,1,1634
4,291,F1,1,0,0,0.75,1637
4,292,F1,0,1,0,0.75,1604
4,293,F3,1,0,0,0.25,1628
4,294,F3,0,1,0,0.25,1588
4,295,F3,0,1,0,0.25,1591
4,296,Target,0,0,1,1,1591
4,297,F1,0,1,0,0.75,1633
4,298,Target,1,1,1,1,1575
4,299,F2,0,1,0,0.5,1634
4,300,F3,0,1,0,0.25,1581
4,301,Target,1,1,1,1,1605
4,302,F3,0,1,0,0.25,1608
4,303,F1,1,0,0,0.75,1618
4,304,Target,0,0,1,1,1625
4,305,Target,1,1,1,1,1622
4,306,F3,0,1,0,0.25,1579
4,307,F3,0,1,0,0.25,1571
4,308,F2,0,1,0,0.5,1613
4,309,F3,0,1,0,0.25,1606
4,310,Target,1,1,1,1,1571
4,311,Target,1,1,1,1,1637
4,312,F3,0,1,0,0.25,1583
5,1,F1,1,0,0,0.75,1639
5,2,F3,1,0,0,0.25,1640
5,3,F1,1,0,0,0.75,1641
5,4,F1,0,1,0,0.75,1642
5,5,F3,1,0,0,0.25,1643
5,6,F1,1,0,0,0.75,1644
5,7,F2,0,1,0,0.5,1645
5,8,F2,0,1,0,0.5,1646
5,9,F1,0,1,0,0.75,1647
5,10,Target,0,0,1,1,1648
5,11,F1,1,0,0,0.75,1649
5,12,F2,0,1,0,0.5,1650
5,13,F2,1,0,0,0.5,1644
5,14,F3,1,0,0,0.25,1651
5,15,Target,1,1,1,1,1652
5,16,F1,1,0,0,0.75,1640
5,17,F1,1,0,0,0.75,1653
5,18,F2,1,0,0,0.5,1654
5,19,Target,1,1,1,1,1655
5,20,Target,1,1,1,1,1656
5,21,Target,1,1,1,1,1657
5,22,F2,0,1,0,0.5,1648
5,23,Target,0,0,1,1,1658
5,24,F1,0,1,0,0.75,1658
5,25,F1,0,1,0,0.75,1659
5,26,Target,0,0,1,1,1653
5,27,Target,0,0,1,1,1660
5,28,F3,0,1,0,0.25,1661
5,29,F3,0,1,0,0.25,1662
5,30,Target,1,1,1,1,1663
5,31,Target,0,0,1,1,1664
5,32,F3,0,1,0,0.25,1660
5,33,F1,0,1,0,0.75,1665
5,34,F3,1,0,0,0.25,1666
5,35,F2,1,0,0,0.5,1667
5,36,F3,0,1,0,0.25,1668
5,37,F2,1,0,0,0.5,1669
5,38,F2,1,0,0,0.5,1670
5,39,F1,1,0,0,0.75,1646
5,40,F3,1,0,0,0.25,1658
5,41,F1,1,0,0,0.75,1643
5,42,F1,1,0,0,0.75,1660
5,43,Target,1,1,1,1,1654
5,44,Target,1,1,1,1,1671
5,45,F1,0,1,0,0.75,1672
5,46,Target,1,1,1,1,1672
5,47,F2,1,0,0,0.5,1673
5,48,F1,0,1,0,0.75,1674
5,49,Target,0,0,1,1,1675
5,50,Target,1,1,1,1,1640
5,51,Target,1,1,1,1,1676
5,52,F1,1,0,0,0.75,1677
5,53,F3,0,1,0,0.25,1678
5,54,F1,0,1,0,0.75,1654
5,55,F3,0,1,0,0.25,1673
5,56,F1,0,1,0,0.75,1679
5,57,Target,1,1,1,1,1651
5,58,F2,1,0,0,0.5,1666
5,59,Target,1,1,1,1,1680
5,60,F2,1,0,0,0.5,1663
5,61,F2,1,0,0,0.5,1655
5,62,F2,0,1,0,0.5,1649
5,63,F3,1,0,0,0.25,1681
5,64,F1,1,0,0,0.75,1682
5,65,Target,1,1,1,1,1645
5,66,F1,1,0,0,0.75,1671
5,67,F1,1,0,0,0.75,1683
5,68,F2,1,0,0,0.5,1678
5,69,Target,1,1,1,1,1684
5,70,F3,0,1,0,0.25,1683
5,71,F3,0,1,0,0.25,1685
5,72,F3,0,1,0,0.25,1656
5,73,Target,1,1,1,1,1643
5,74,Target,1,1,1,1,1686
5,75,F3,1,0,0,0.25,1644
5,76,F2,0,1,0,0.5,1687
5,77,F3,0,1,0,0.25,1688
5,78,F3,0,1,0,0.25,1642
5,79,F2,1,0,0,0.5,1656
5,80,F3,1,0,0,0.25,1689
5,81,F3,1,0,0,0.25,1690
5,82,F1,1,0,0,0.75,1687
5,83,F2,1,0,0,0.5,1672
5,84,F3,0,1,0,0.25,1670
5,85,Target,1,1,1,1,1649
5,86,Target,1,1,1,1,1659
5,87,Target,1,1,1,1,1691
5,88,F3,0,1,0,0.25,1677
5,89,Target,0,0,1,1,1661
5,90,F2,1,0,0,0.5,1692
5,91,Target,1,1,1,1,1693
5,92,F3,0,1,0,0.25,1659
5,93,F3,0,1,0,0.25,1675
5,94,F3,0,1,0,0.25,1667
5,95,Target,1,1,1,1,1694
5,96,F3,0,1,0,0.25,1676
5,97,F1,0,1,0,0.75,1661
5,98,Target,1,1,1,1,1665
5,99,F1,0,1,0,0.75,1695
5,100,Target,0,0,1,1,1681
5,101,F3,0,1,0,0.25,1696
5,102,F3,0,1,0,0.25,1697
5,103,F3,0,1,0,0.25,1698
5,104,F2,0,1,0,0.5,1688
5,105,F2,0,1,0,0.5,1699
5,106,Target,1,1,1,1,1697
5,107,F2,1,0,0,0.5,1690
5,108,F1,1,0,0,0.75,1645
5,109,Target,0,0,1,1,1674
5,110,F1,0,1,0,0.75,1700
5,111,F3,0,1,0,0.25,1701
5,112,F1,0,1,0,0.75,1669
5,113,Target,1,1,1,1,1702
5,114,F1,0,1,0,0.75,1701
5,115,F1,0,1,0,0.75,1650
5,116,F2,0,1,0,0.5,1639
5,117,F1,1,0,0,0.75,1703
5,118,F1,1,0,0,0.75,1704
5,119,Target,1,1,1,1,1639
5,120,F3,0,1,0,0.25,1657
5,121,Target,1,1,1,1,1705
5,122,Target,1,1,1,1,1667
5,123,Target,1,1,1,1,1695
5,124,F2,0,1,0,0.5,1698
5,125,F3,1,0,0,0.25,1647
5,126,F2,0,1,0,0.5,1706
5,127,F1,1,0,0,0.75,1693
5,128,F2,0,1,0,0.5,1641
5,129,F3,0,1,0,0.25,1639
5,130,F2,0,1,0,0.5,1686
5,131,F2,0,1,0,0.5,1707
5,132,F1,1,0,0,0.75,1663
5,133,F2,0,1,0,0.5,1708
5,134,F1,1,0,0,0.75,1709
5,135,F3,0,1,0,0.25,1652
5,136,Target,1,1,1,1,1710
5,137,Target,0,0,1,1,1711
5,138,F1,0,1,0,0.75,1712
5,139,F1,1,0,0,0.75,1713
5,140,F1,0,1,0,0.75,1688
5,141,F1,0,1,0,0.75,1707
5,142,F3,0,1,0,0.25,1672
5,143,F1,1,0,0,0.75,1696
5,144,F1,0,1,0,0.75,1681
5,145,F3,0,1,0,0.25,1703
5,146,F3,0,1,0,0.25,1653
5,147,F1,0,1,0,0.75,1714
5,148,F1,0,1,0,0.75,1708
5,149,F2,1,0,0,0.5,1662
5,150,F3,0,1,0,0.25,1692
5,151,F2,0,1,0,0.5,1677
5,152,F2,0,1,0,0.5,1715
5,153,F2,0,1,0,0.5,1657
5,154,F1,1,0,0,0.75,1694
5,155,Target,0,0,1,1,1689
5,156,Target,1,1,1,1,1692
5,157,F2,1,0,0,0.5,1683
5,158,F2,1,0,0,0.5,1691
5,159,F2,0,1,0,0.5,1714
5,160,F2,0,1,0,0.5,1640
5,161,Target,1,1,1,1,1716
5,162,Target,1,1,1,1,1714
5,163,F1,1,0,0,0.75,1699
5,164,Target,1,1,1,1,1708
5,165,F2,1,0,0,0.5,1647
5,166,F3,0,1,0,0.25,1687
5,167,F3,1,0,0,0.25,1704
5,168,F1,1,0,0,0.75,1702
5,169,F2,1,0,0,0.5,1712
5,170,Target,1,1,1,1,1644
5,171,F3,0,1,0,0.25,1665
5,172,F1,0,1,0,0.75,1711
5,173,F2,0,1,0,0.5,1659
5,174,F1,0,1,0,0.75,1685
5,175,Target,1,1,1,1,1683
5,176,F2,0,1,0,0.5,1696
5,177,Target,1,1,1,1,1715
5,178,F3,0,1,0,0.25,1714
5,179,Target,1,1,1,1,1670
5,180,F3,0,1,0,0.25,1715
5,181,Target,0,0,1,1,1677
5,182,F1,1,0,0,0.75,1716
5,183,F3,0,1,0,0.25,1664
5,184,F3,0,1,0,0.25,1706
5,185,F3,0,1,0,0.25,1663
5,186,F3,0,1,0,0.25,1650
5,187,F3,0,1,0,0.25,1695
5,188,F2,0,1,0,0.5,1689
5,189,F3,0,1,0,0.25,1680
5,190,F2,0,1,0,0.5,1685
5,191,Target,0,0,1,1,1688
5,192,F2,0,1,0,0.5,1705
5,193,F2,0,1,0,0.5,1702
5,194,F3,0,1,0,0.25,1684
5,195,F2,0,1,0,0.5,1674
5,196,F1,1,0,0,0.75,1686
5,197,F2,0,1,0,0.5,1653
5,198,F3,0,1,0,0.25,1707
5,199,Target,1,1,1,1,1678
5,200,Target,0,0,1,1,1706
5,201,F2,0,1,0,0.5,1642
5,202,Target,1,1,1,1,1698
5,203,F3,1,0,0,0.25,1691
5,204,F2,0,1,0,0.5,1713
5,205,F3,0,1,0,0.25,1671
5,206,Target,0,0,1,1,1647
5,207,F2,0,1,0,0.5,1680
5,208,F1,0,1,0,0.75,1690
5,209,F2,0,1,0,0.5,1682
5,210,F3,0,1,0,0.25,1674
5,211,F3,0,1,0,0.25,1649
5,212,F1,0,1,0,0.75,1656
5,213,F3,0,1,0,0.25,1686
5,214,F1,0,1,0,0.75,1664
5,215,Target,1,1,1,1,1646
5,216,F3,0,1,0,0.25,1645
5,217,Target,1,1,1,1,1682
5,218,Target,1,1,1,1,1668
5,219,F2,0,1,0,0.5,1710
5,220,F3,1,0,0,0.25,1648
5,221,F1,1,0,0,0.75,1705
5,222,F1,0,1,0,0.75,1673
5,223,F1,0,1,0,0.75,1691
5,224,Target,1,1,1,1,1700
5,225,F2,0,1,0,0.5,1693
5,226,Target,0,0,1,1,1703
5,227,Target,0,0,1,1,1712
5,228,F2,1,0,0,0.5,1661
5,229,F3,0,1,0,0.25,1694
5,230,Target,1,1,1,1,1669
5,231,F3,0,1,0,0.25,1716
5,232,Target,0,0,1,1,1704
5,233,F2,1,0,0,0.5,1694
5,234,F1,1,0,0,0.75,1648
5,235,F2,0,1,0,0.5,1665
5,236,F1,1,0,0,0.75,1662
5,237,F3,0,1,0,0.25,1709
5,238,F3,0,1,0,0.25,1699
5,239,F1,1,0,0,0.75,1680
5,240,F2,0,1,0,0.5,1676
5,241,F1,1,0,0,0.75,1657
5,242,F2,0,1,0,0.5,1660
5,243,F1,1,0,0,0.75,1697
5,244,F2,0,1,0,0.5,1695
5,245,F1,1,0,0,0.75,1666
5,246,F1,1,0,0,0.75,1651
5,247,F3,0,1,0,0.25,1646
5,248,F2,1,0,0,0.5,1643
5,249,Target,0,0,1,1,1701
5,250,F2,0,1,0,0.5,1664
5,251,F2,0,1,0,0.5,1697
5,252,F1,1,0,0,0.75,1668
5,253,Target,0,0,1,1,1699
5,254,F3,0,1,0,0.25,1711
5,255,Target,0,0,1,1,1709
5,256,Target,0,0,1,1,1642
5,257,Target,0,0,1,1,1707
5,258,Target,0,0,1,1,1687
5,259,F2,0,1,0,0.5,1711
5,260,F1,0,1,0,0.75,1652
5,261,F3,0,1,0,0.25,1710
5,262,F1,1,0,0,0.75,1692
5,263,F2,0,1,0,0.5,1652
5,264,F1,0,1,0,0.75,1670
5,265,F3,0,1,0,0.25,1712
5,266,F1,0,1,0,0.75,1675
5,267,F2,0,1,0,0.5,1675
5,268,F3,0,1,0,0.25,1655
5,269,F3,0,1,0,0.25,1700
5,270,Target,1,1,1,1,1673
5,271,F2,0,1,0,0.5,1704
5,272,Target,1,1,1,1,1666
5,273,F1,0,1,0,0.75,1684
5,274,F2,0,1,0,0.5,1684
5,275,F1,0,1,0,0.75,1689
5,276,F3,0,1,0,0.25,1641
5,277,F1,0,1,0,0.75,1676
5,278,F3,0,1,0,0.25,1705
5,279,F1,1,0,0,0.75,1715
5,280,F3,0,1,0,0.25,1679
5,281,Target,0,0,1,1,1641
5,282,F2,0,1,0,0.5,1679
5,283,F1,0,1,0,0.75,1706
5,284,Target,0,0,1,1,1696
5,285,F3,0,1,0,0.25,1702
5,286,F3,0,1,0,0.25,1713
5,287,F2,0,1,0,0.5,1701
5,288,F1,0,1,0,0.75,1710
5,289,F2,0,1,0,0.5,1703
5,290,F1,1,0,0,0.75,1655
5,291,F3,0,1,0,0.25,1654
5,292,F3,0,1,0,0.25,1682
5,293,Target,0,0,1,1,1685
5,294,F2,0,1,0,0.5,1658
5,295,F2,0,1,0,0.5,1700
5,296,Target,0,0,1,1,1690
5,297,F1,1,0,0,0.75,1678
5,298,Target,1,1,1,1,1650
5,299,Target,1,1,1,1,1662
5,300,Target,1,1,1,1,1679
5,301,F3,0,1,0,0.25,1708
5,302,F1,1,0,0,0.75,1667
5,303,F2,1,0,0,0.5,1671
5,304,F2,0,1,0,0.5,1716
5,305,F2,0,1,0,0.5,1709
5,306,F2,0,1,0,0.5,1668
5,307,F1,0,1,0,0.75,1698
5,308,F2,0,1,0,0.5,1681
5,309,F2,1,0,0,0.5,1651
5,310,F3,1,0,0,0.25,1693
5,311,F3,0,1,0,0.25,1669
5,312,Target,1,1,1,1,1713
6,1,Target,0,0,1,1,1717
6,2,F3,0,1,0,0.25,1718
6,3,F2,1,0,0,0.5,1719
6,4,F2,0,1,0,0.5,1720
6,5,F1,1,0,0,0.75,1721
6,6,F3,0,1,0,0.25,1722
6,7,F3,0,1,0,0.25,1723
6,8,F2,1,0,0,0.5,1724
6,9,Target,1,1,1,1,1720
6,10,F2,0,1,0,0.5,1725
6,11,F2,1,0,0,0.5,1726
6,12,Target,1,1,1,1,1727
6,13,F3,0,1,0,0.25,1728
6,14,F3,0,1,0,0.25,1729
6,15,F3,0,1,0,0.25,1730
6,16,F3,0,1,0,0.25,1731
6,17,Target,1,1,1,1,1732
6,18,Target,1,1,1,1,1733
6,19,Target,1,1,1,1,1718
6,20,Target,0,0,1,1,1725
6,21,Target,1,1,1,1,1734
6,22,F1,1,0,0,0.75,1735
6,23,Target,1,1,1,1,1736
6,24,Target,0,0,1,1,1737
6,25,F1,0,1,0,0.75,1738
6,26,F1,0,1,0,0.75,1739
6,27,F2,1,0,0,0.5,1740
6,28,F2,0,1,0,0.5,1741
6,29,F1,1,0,0,0.75,1742
6,30,F2,1,0,0,0.5,1743
6,31,F3,0,1,0,0.25,1738
6,32,F2,0,1,0,0.5,1744
6,33,Target,1,1,1,1,1745
6,34,F1,0,1,0,0.75,1746
6,35,F3,1,0,0,0.25,1747
6,36,F3,0,1,0,0.25,1748
6,37,F3,0,1,0,0.25,1743
6,38,F2,1,0,0,0.5,1749
6,39,F3,0,1,0,0.25,1750
6,40,F1,0,1,0,0.75,1751
6,41,Target,1,1,1,1,1752
6,42,F3,0,1,0,0.25,1753
6,43,F2,1,0,0,0.5,1718
6,44,Target,1,1,1,1,1754
6,45,F1,1,0,0,0.75,1755
6,46,F2,0,1,0,0.5,1721
6,47,Target,1,1,1,1,1755
6,48,F3,0,1,0,0.25,1756
6,49,F3,0,1,0,0.25,1727
6,50,F3,1,0,0,0.25,1757
6,51,F1,1,0,0,0.75,1733
6,52,F3,1,0,0,0.25,1758
6,53,Target,0,0,1,1,1724
6,54,F3,0,1,0,0.25,1759
6,55,F2,0,1,0,0.5,1759
6,56,Target,1,1,1,1,1744
6,57,F2,0,1,0,0.5,1760
6,58,F3,1,0,0,0.25,1761
6,59,F2,0,1,0,0.5,1717
6,60,F1,1,0,0,0.75,1743
6,61,F3,0,1,0,0.25,1735
6,62,F2,0,1,0,0.5,1762
6,63,F2,0,1,0,0.5,1734
6,64,F1,1,0,0,0.75,1754
6,65,F3,0,1,0,0.25,1763
6,66,Target,0,0,1,1,1764
6,67,F2,0,1,0,0.5,1742
6,68,Target,1,1,1,1,1728
6,69,Target,1,1,1,1,1757
6,70,Target,1,1,1,1,1765
6,71,F1,1,0,0,0.75,1736
6,72,F2,0,1,0,0.5,1766
6,73,F1,1,0,0,0.75,1767
6,74,F1,1,0,0,0.75,1765
6,75,F2,1,0,0,0.5,1728
6,76,F1,1,0,0,0.75,1768
6,77,F1,1,0,0,0.75,1769
6,78,F3,0,1,0,0.25,1725
6,79,F2,0,1,0,0.5,1765
6,80,F1,0,1,0,0.75,1764
6,81,F1,1,0,0,0.75,1770
6,82,F3,0,1,0,0.25,1771
6,83,F3,0,1,0,0.25,1762
6,84,F2,0,1,0,0.5,1739
6,85,F1,1,0,0,0.75,1772
6,86,Target,1,1,1,1,1762
6,87,F2,0,1,0,0.5,1773
6,88,F1,0,1,0,0.75,1774
6,89,F1,1,0,0,0.75,1719
6,90,F3,0,1,0,0.25,1774
6,91,F1,1,0,0,0.75,1775
6,92,F1,0,1,0,0.75,1776
6,93,F1,0,1,0,0.75,1777
6,94,Target,0,0,1,1,1776
6,95,F3,1,0,0,0.25,1719
6,96,F2,0,1,0,0.5,1778
6,97,F1,0,1,0,0.75,1779
6,98,F1,1,0,0,0.75,1734
6,99,F1,0,1,0,0.75,1780
6,100,F2,1,0,0,0.5,1781
6,101,F2,0,1,0,0.5,1752
6,102,F1,0,1,0,0.75,1750
6,103,F3,0,1,0,0.25,1782
6,104,F1,1,0,0,0.75,1783
6,105,F1,0,1,0,0.75,1720
6,106,Target,1,1,1,1,1749
6,107,F3,1,0,0,0.25,1784
6,108,Target,1,1,1,1,1735
6,109,F1,1,0,0,0.75,1727
6,110,F1,1,0,0,0.75,1747
6,111,F3,0,1,0,0.25,1785
6,112,Target,1,1,1,1,1746
6,113,F2,1,0,0,0.5,1775
6,114,F2,1,0,0,0.5,1786
6,115,F3,0,1,0,0.25,1732
6,116,Target,0,0,1,1,1730
6,117,Target,1,1,1,1,1775
6,118,F1,1,0,0,0.75,1732
6,119,F3,0,1,0,0.25,1752
6,120,F3,0,1,0,0.25,1720
6,121,Target,1,1,1,1,1723
6,122,Target,1,1,1,1,1771
6,123,F3,0,1,0,0.25,1741
6,124,Target,1,1,1,1,1748
6,125,F1,0,1,0,0.75,1725
6,126,F3,1,0,0,0.25,1739
6,127,F2,0,1,0,0.5,1787
6,128,F1,1,0,0,0.75,1749
6,129,F3,0,1,0,0.25,1764
6,130,F3,0,1,0,0.25,1776
6,131,F1,1,0,0,0.75,1766
6,132,Target,0,0,1,1,1788
6,133,F3,0,1,0,0.25,1770
6,134,F1,0,1,0,0.75,1731
6,135,Target,1,1,1,1,1783
6,136,Target,0,0,1,1,1740
6,137,F2,0,1,0,0.5,1730
6,138,Target,1,1,1,1,1789
6,139,F3,0,1,0,0.25,1766
6,140,F2,0,1,0,0.5,1785
6,141,F3,0,1,0,0.25,1724
6,142,F3,0,1,0,0.25,1760
6,143,F1,0,1,0,0.75,1748
6,144,F2,1,0,0,0.5,1754
6,145,F3,0,1,0,0.25,1777
6,146,F2,0,1,0,0.5,1746
6,147,F3,0,1,0,0.25,1746
6,148,F1,1,0,0,0.75,1758
6,149,F3,0,1,0,0.25,1788
6,150,F1,0,1,0,0.75,1790
6,151,F3,0,1,0,0.25,1769
6,152,F2,0,1,0,0.5,1731
6,153,F3,1,0,0,0.25,1789
6,154,F2,0,1,0,0.5,1780
6,155,F1,1,0,0,0.75,1729
6,156,F1,1,0,0,0.75,1778
6,157,Target,1,1,1,1,1791
6,158,F3,0,1,0,0.25,1780
6,159,F2,1,0,0,0.5,1770
6,160,F3,0,1,0,0.25,1726
6,161,F3,0,1,0,0.25,1791
6,162,F1,0,1,0,0.75,1787
6,163,F1,0,1,0,0.75,1730
6,164,F3,1,0,0,0.25,1783
6,165,F1,1,0,0,0.75,1782
6,166,F3,0,1,0,0.25,1744
6,167,Target,1,1,1,1,1768
6,168,F2,1,0,0,0.5,1755
6,169,F1,1,0,0,0.75,1723
6,170,F3,0,1,0,0.25,1749
6,171,F2,0,1,0,0.5,1737
6,172,F2,0,1,0,0.5,1776
6,173,Target,1,1,1,1,1729
6,174,F2,0,1,0,0.5,1792
6,175,F1,1,0,0,0.75,1789
6,176,F3,0,1,0,0.25,1790
6,177,F2,1,0,0,0.5,1771
6,178,F1,1,0,0,0.75,1781
6,179,F3,0,1,0,0.25,1773
6,180,Target,0,0,1,1,1751
6,181,F3,0,1,0,0.25,1768
6,182,F2,0,1,0,0.5,1748
6,183,F1,1,0,0,0.75,1761
6,184,F3,0,1,0,0.25,1781
6,185,Target,0,0,1,1,1777
6,186,F2,0,1,0,0.5,1745
6,187,F1,0,1,0,0.75,1737
6,188,F1,0,1,0,0.75,1763
6,189,F2,0,1,0,0.5,1733
6,190,F1,1,0,0,0.75,1752
6,191,Target,0,0,1,1,1785
6,192,Target,1,1,1,1,1769
6,193,F2,0,1,0,0.5,1791
6,194,Target,0,0,1,1,1779
6,195,Target,0,0,1,1,1760
6,196,F2,0,1,0,0.5,1768
6,197,F2,0,1,0,0.5,1793
6,198,F2,0,1,0,0.5,1779
6,199,F1,0,1,0,0.75,1757
6,200,F2,0,1,0,0.5,1772
6,201,Target,0,0,1,1,1792
6,202,F1,0,1,0,0.75,1794
6,203,F2,0,1,0,0.5,1761
6,204,F3,0,1,0,0.25,1786
6,205,F3,1,0,0,0.25,1742
6,206,F3,0,1,0,0.25,1787
6,207,Target,1,1,1,1,1741
6,208,F3,0,1,0,0.25,1792
6,209,F1,1,0,0,0.75,1728
6,210,Target,1,1,1,1,1774
6,211,Target,0,0,1,1,1742
6,212,F1,0,1,0,0.75,1792
6,213,Target,1,1,1,1,1719
6,214,Target,0,0,1,1,1726
6,215,Target,1,1,1,1,1770
6,216,F3,0,1,0,0.25,1779
6,217,F1,0,1,0,0.75,1788
6,218,Target,0,0,1,1,1793
6,219,F3,0,1,0,0.25,1775
6,220,F2,1,0,0,0.5,1747
6,221,F2,1,0,0,0.5,1729
6,222,Target,1,1,1,1,1786
6,223,F1,1,0,0,0.75,1753
6,224,F1,0,1,0,0.75,1785
6,225,F2,0,1,0,0.5,1756
6,226,Target,0,0,1,1,1794
6,227,Target,0,0,1,1,1763
6,228,Target,0,0,1,1,1790
6,229,F1,1,0,0,0.75,1718
6,230,F2,0,1,0,0.5,1738
6,231,F1,0,1,0,0.75,1745
6,232,F1,1,0,0,0.75,1741
6,233,F3,0,1,0,0.25,1717
6,234,F2,1,0,0,0.5,1751
6,235,F2,0,1,0,0.5,1777
6,236,F3,0,1,0,0.25,1740
6,237,F1,0,1,0,0.75,1724
6,238,Target,1,1,1,1,1739
6,239,F2,0,1,0,0.5,1783
6,240,F2,0,1,0,0.5,1753
6,241,F1,0,1,0,0.75,1784
6,242,Target,1,1,1,1,1781
6,243,F2,0,1,0,0.5,1763
6,244,F3,0,1,0,0.25,1767
6,245,F2,1,0,0,0.5,1735
6,246,Target,1,1,1,1,1758
6,247,F1,1,0,0,0.75,1771
6,248,Target,0,0,1,1,1784
6,249,F2,0,1,0,0.5,1784
6,250,Target,1,1,1,1,1782
6,251,F3,0,1,0,0.25,1736
6,252,Target,1,1,1,1,1753
6,253,F3,0,1,0,0.25,1751
6,254,Target,1,1,1,1,1756
6,255,Target,1,1,1,1,1773
6,256,F2,0,1,0,0.5,1767
6,257,Target,1,1,1,1,1766
6,258,F3,0,1,0,0.25,1793
6,259,Target,1,1,1,1,1731
6,260,F1,0,1,0,0.75,1756
6,261,F3,0,1,0,0.25,1745
6,262,F2,0,1,0,0.5,1736
6,263,Target,1,1,1,1,1747
6,264,F2,1,0,0,0.5,1757
6,265,F1,1,0,0,0.75,1744
6,266,F3,0,1,0,0.25,1737
6,267,Target,0,0,1,1,1761
6,268,F3,0,1,0,0.25,1755
6,269,Target,1,1,1,1,1778
6,270,Target,1,1,1,1,1772
6,271,F2,1,0,0,0.5,1789
6,272,F2,1,0,0,0.5,1723
6,273,Target,0,0,1,1,1743
6,274,F2,1,0,0,0.5,1758
6,275,F1,1,0,0,0.75,1722
6,276,Target,1,1,1,1,1787
6,277,F2,0,1,0,0.5,1774
6,278,F2,0,1,0,0.5,1764
6,279,F2,0,1,0,0.5,1788
6,280,F1,1,0,0,0.75,1791
6,281,F1,0,1,0,0.75,1717
6,282,Target,1,1,1,1,1721
6,283,F2,0,1,0,0.5,1782
6,284,F3,1,0,0,0.25,1754
6,285,Target,1,1,1,1,1750
6,286,F2,0,1,0,0.5,1750
6,287,Target,1,1,1,1,1722
6,288,F2,0,1,0,0.5,1769
6,289,Target,1,1,1,1,1780
6,290,F3,0,1,0,0.25,1794
6,291,F3,0,1,0,0.25,1721
6,292,F3,0,1,0,0.25,1733
6,293,Target,0,0,1,1,1767
6,294,F3,0,1,0,0.25,1772
6,295,F1,0,1,0,0.75,1759
6,296,F1,0,1,0,0.75,1740
6,297,F2,0,1,0,0.5,1727
6,298,F2,0,1,0,0.5,1790
6,299,F2,1,0,0,0.5,1732
6,300,F1,0,1,0,0.75,1760
6,301,F3,0,1,0,0.25,1734
6,302,F1,0,1,0,0.75,1726
6,303,Target,0,0,1,1,1759
6,304,F2,0,1,0,0.5,1794
6,305,F3,1,0,0,0.25,1778
6,306,F2,0,1,0,0.5,1722
6,307,F1,1,0,0,0.75,1762
6,308,F1,0,1,0,0.75,1793
6,309,F1,0,1,0,0.75,1773
6,310,F3,0,1,0,0.25,1765
6,311,F1,1,0,0,0.75,1786
6,312,Target,0,0,1,1,1738
7,1,Target,1,1,1,1,1795
7,2,F3,0,1,0,0.25,1796
7,3,F3,1,0,0,0.25,1797
7,4,F1,1,0,0,0.75,1798
7,5,F3,0,1,0,0.25,1799
7,6,F2,0,1,0,0.5,1800
7,7,F1,0,1,0,0.75,1801
7,8,F1,1,0,0,0.75,1802
7,9,Target,1,1,1,1,1803
7,10,Target,1,1,1,1,1804
7,11,F2,0,1,0,0.5,1798
7,12,F2,0,1,0,0.5,1805
7,13,F3,1,0,0,0.25,1806
7,14,F2,0,1,0,0.5,1807
7,15,F3,0,1,0,0.25,1808
7,16,F2,1,0,0,0.5,1809
7,17,F2,1,0,0,0.5,1810
7,18,F2,0,1,0,0.5,1811
7,19,F2,0,1,0,0.5,1812
7,20,F3,0,1,0,0.25,1801
7,21,F1,1,0,0,0.75,1813
7,22,F3,1,0,0,0.25,1802
7,23,Target,1,1,1,1,1814
7,24,F3,0,1,0,0.25,1815
7,25,F1,1,0,0,0.75,1816
7,26,F2,0,1,0,0.5,1817
7,27,F3,0,1,0,0.25,1818
7,28,Target,1,1,1,1,1819
7,29,F1,0,1,0,0.75,1820
7,30,F1,1,0,0,0.75,1821
7,31,F3,1,0,0,0.25,1822
7,32,Target,1,1,1,1,1823
7,33,F3,1,0,0,0.25,1820
7,34,F1,1,0,0,0.75,1815
7,35,Target,1,1,1,1,1824
7,36,Target,1,1,1,1,1825
7,37,F3,0,1,0,0.25,1826
7,38,F2,1,0,0,0.5,1813
7,39,F3,0,1,0,0.25,1827
7,40,Target,1,1,1,1,1828
7,41,Target,1,1,1,1,1829
7,42,F1,0,1,0,0.75,1803
7,43,Target,1,1,1,1,1830
7,44,F1,1,0,0,0.75,1831
7,45,F3,0,1,0,0.25,1832
7,46,Target,0,0,1,1,1833
7,47,F1,1,0,0,0.75,1834
7,48,F2,0,1,0,0.5,1829
7,49,F1,1,0,0,0.75,1818
7,50,F3,0,1,0,0.25,1835
7,51,Target,0,0,1,1,1836
7,52,F3,0,1,0,0.25,1837
7,53,F1,0,1,0,0.75,1838
7,54,Target,1,1,1,1,1839
7,55,F2,1,0,0,0.5,1837
7,56,Target,1,1,1,1,1796
7,57,F2,1,0,0,0.5,1840
7,58,Target,1,1,1,1,1841
7,59,Target,1,1,1,1,1842
7,60,F1,0,1,0,0.75,1843
7,61,F1,1,0,0,0.75,1826
7,62,F3,0,1,0,0.25,1844
7,63,F3,1,0,0,0.25,1845
7,64,F3,1,0,0,0.25,1846
7,65,Target,1,1,1,1,1847
7,66,F1,1,0,0,0.75,1808
7,67,F3,1,0,0,0.25,1843
7,68,F1,1,0,0,0.75,1848
7,69,F2,0,1,0,0.5,1849
7,70,F2,1,0,0,0.5,1850
7,71,F2,1,0,0,0.5,1851
7,72,F2,1,0,0,0.5,1852
7,73,F3,0,1,0,0.25,1809
7,74,F3,0,1,0,0.25,1853
7,75,Target,1,1,1,1,1854
7,76,F2,0,1,0,0.5,1804
7,77,F3,0,1,0,0.25,1854
7,78,Target,1,1,1,1,1809
7,79,F2,1,0,0,0.5,1855
7,80,F2,0,1,0,0.5,1844
7,81,Target,1,1,1,1,1856
7,82,F2,0,1,0,0.5,1818
7,83,F1,1,0,0,0.75,1857
7,84,F1,1,0,0,0.75,1847
7,85,Target,1,1,1,1,1843
7,86,F2,0,1,0,0.5,1803
7,87,F1,0,1,0,0.75,1841
7,88,F1,1,0,0,0.75,1817
7,89,F1,0,1,0,0.75,1858
7,90,F3,0,1,0,0.25,1856
7,91,Target,1,1,1,1,1805
7,92,Target,0,0,1,1,1806
7,93,F2,0,1,0,0.5,1859
7,94,F1,0,1,0,0.75,1859
7,95,Target,1,1,1,1,1831
7,96,F2,1,0,0,0.5,1860
7,97,F2,0,1,0,0.5,1861
7,98,Target,1,1,1,1,1851
7,99,F2,1,0,0,0.5,1802
7,100,F1,0,1,0,0.75,1849
7,101,F3,1,0,0,0.25,1823
7,102,F2,1,0,0,0.5,1862
7,103,F3,0,1,0,0.25,1829
7,104,Target,1,1,1,1,1862
7,105,F2,1,0,0,0.5,1819
7,106,F1,1,0,0,0.75,1842
7,107,F3,0,1,0,0.25,1860
7,108,F2,0,1,0,0.5,1823
7,109,Target,1,1,1,1,1863
7,110,Target,1,1,1,1,1835
7,111,Target,0,0,1,1,1850
7,112,F2,1,0,0,0.5,1864
7,113,F3,0,1,0,0.25,1795
7,114,F1,1,0,0,0.75,1809
7,115,F1,1,0,0,0.75,1846
7,116,F1,1,0,0,0.75,1810
7,117,F3,0,1,0,0.25,1865
7,118,F1,0,1,0,0.75,1851
7,119,F2,0,1,0,0.5,1796
7,120,F1,0,1,0,0.75,1830
7,121,F2,0,1,0,0.5,1841
7,122,Target,1,1,1,1,1817
7,123,Target,1,1,1,1,1820
7,124,F3,0,1,0,0.25,1866
7,125,F1,0,1,0,0.75,1835
7,126,F2,0,1,0,0.5,1830
7,127,F2,0,1,0,0.5,1797
7,128,Target,1,1,1,1,1838
7,129,Target,1,1,1,1,1848
7,130,Target,1,1,1,1,1801
7,131,F1,1,0,0,0.75,1837
7,132,Target,1,1,1,1,1812
7,133,F2,1,0,0,0.5,1839
7,134,F2,1,0,0,0.5,1853
7,135,F2,1,0,0,0.5,1799
7,136,F2,0,1,0,0.5,1836
7,137,F2,0,1,0,0.5,1867
7,138,F3,0,1,0,0.25,1803
7,139,F2,1,0,0,0.5,1826
7,140,Target,1,1,1,1,1849
7,141,Target,1,1,1,1,1868
7,142,Target,0,0,1,1,1869
7,143,F1,0,1,0,0.75,1825
7,144,F1,1,0,0,0.75,1866
7,145,F2,0,1,0,0.5,1838
7,146,Target,1,1,1,1,1840
7,147,F3,1,0,0,0.25,1828
7,148,F2,1,0,0,0.5,1856
7,149,F1,1,0,0,0.75,1845
7,150,F2,0,1,0,0.5,1842
7,151,F1,1,0,0,0.75,1855
7,152,F3,0,1,0,0.25,1861
7,153,F3,0,1,0,0.25,1817
7,154,F3,1,0,0,0.25,1834
7,155,Target,1,1,1,1,1845
7,156,F2,1,0,0,0.5,1814
7,157,F1,1,0,0,0.75,1797
7,158,F1,0,1,0,0.75,1862
7,159,F3,0,1,0,0.25,1858
7,160,F2,0,1,0,0.5,1868
7,161,Target,1,1,1,1,1852
7,162,F1,1,0,0,0.75,1844
7,163,Target,1,1,1,1,1813
7,164,F1,0,1,0,0.75,1856
7,165,Target,1,1,1,1,1807
7,166,F2,0,1,0,0.5,1846
7,167,F1,0,1,0,0.75,1827
7,168,F3,0,1,0,0.25,1798
7,169,Target,0,0,1,1,1861
7,170,F2,1,0,0,0.5,1815
7,171,Target,0,0,1,1,1858
7,172,Target,1,1,1,1,1859
7,173,F1,0,1,0,0.75,1840
7,174,F2,0,1,0,0.5,1822
7,175,F3,0,1,0,0.25,1813
7,176,F3,1,0,0,0.25,1869
7,177,F3,0,1,0,0.25,1851
7,178,F1,0,1,0,0.75,1865
7,179,F1,0,1,0,0.75,1870
7,180,F2,0,1,0,0.5,1865
7,181,F2,0,1,0,0.5,1808
7,182,F2,0,1,0,0.5,1828
7,183,F1,1,0,0,0.75,1860
7,184,F2,1,0,0,0.5,1806
7,185,F3,0,1,0,0.25,1821
7,186,Target,1,1,1,1,1821
7,187,F3,0,1,0,0.25,1807
7,188,F3,1,0,0,0.25,1847
7,189,F3,0,1,0,0.25,1871
7,190,Target,1,1,1,1,1865
7,191,F1,1,0,0,0.75,1828
7,192,Target,1,1,1,1,1799
7,193,F3,1,0,0,0.25,1872
7,194,F3,0,1,0,0.25,1800
7,195,F2,0,1,0,0.5,1835
7,196,F1,1,0,0,0.75,1852
7,197,F2,1,0,0,0.5,1832
7,198,F3,1,0,0,0.25,1819
7,199,F1,0,1,0,0.75,1799
7,200,F3,0,1,0,0.25,1812
7,201,F3,0,1,0,0.25,1811
7,202,F1,1,0,0,0.75,1800
7,203,F3,0,1,0,0.25,1855
7,204,F1,1,0,0,0.75,1833
7,205,Target,1,1,1,1,1800
7,206,F2,0,1,0,0.5,1843
7,207,F1,0,1,0,0.75,1807
7,208,Target,1,1,1,1,1834
7,209,F1,0,1,0,0.75,1811
7,210,Target,0,0,1,1,1846
7,211,F3,0,1,0,0.25,1831
7,212,F2,0,1,0,0.5,1857
7,213,F1,0,1,0,0.75,1863
7,214,F2,0,1,0,0.5,1827
7,215,Target,1,1,1,1,1866
7,216,F1,1,0,0,0.75,1839
7,217,Target,0,0,1,1,1870
7,218,F3,0,1,0,0.25,1868
7,219,Target,0,0,1,1,1867
7,220,Target,1,1,1,1,1844
7,221,Target,1,1,1,1,1811
7,222,F2,0,1,0,0.5,1821
7,223,F3,0,1,0,0.25,1833
7,224,F3,0,1,0,0.25,1841
7,225,F3,1,0,0,0.25,1814
7,226,F2,0,1,0,0.5,1863
7,227,F3,0,1,0,0.25,1862
7,228,F2,1,0,0,0.5,1834
7,229,F3,0,1,0,0.25,1859
7,230,F1,0,1,0,0.75,1861
7,231,F2,0,1,0,0.5,1845
7,232,F1,0,1,0,0.75,1871
7,233,F3,0,1,0,0.25,1863
7,234,F1,0,1,0,0.75,1832
7,235,F1,1,0,0,0.75,1806
7,236,F2,1,0,0,0.5,1847
7,237,F1,1,0,0,0.75,1824
7,238,F2,0,1,0,0.5,1871
7,239,F1,1,0,0,0.75,1868
7,240,F1,0,1,0,0.75,1805
7,241,Target,1,1,1,1,1815
7,242,F3,0,1,0,0.25,1825
7,243,F2,1,0,0,0.5,1816
7,244,F2,0,1,0,0.5,1820
7,245,F3,0,1,0,0.25,1804
7,246,F1,0,1,0,0.75,1812
7,247,F2,0,1,0,0.5,1872
7,248,F1,0,1,0,0.75,1804
7,249,F2,0,1,0,0.5,1824
7,250,Target,1,1,1,1,1871
7,251,F1,1,0,0,0.75,1819
7,252,Target,1,1,1,1,1818
7,253,Target,1,1,1,1,1855
7,254,F1,0,1,0,0.75,1867
7,255,F3,0,1,0,0.25,1852
7,256,F3,0,1,0,0.25,1830
7,257,F1,0,1,0,0.75,1854
7,258,F2,0,1,0,0.5,1825
7,259,F3,0,1,0,0.25,1836
7,260,F2,1,0,0,0.5,1870
7,261,F1,0,1,0,0.75,1864
7,262,F1,0,1,0,0.75,1796
7,263,F1,0,1,0,0.75,1869
7,264,F2,1,0,0,0.5,1848
7,265,F3,0,1,0,0.25,1849
7,266,F1,0,1,0,0.75,1814
7,267,F3,0,1,0,0.25,1840
7,268,Target,0,0,1,1,1853
7,269,F2,0,1,0,0.5,1833
7,270,F3,0,1,0,0.25,1848
7,271,F3,0,1,0,0.25,1857
7,272,Target,1,1,1,1,1810
7,273,Target,1,1,1,1,1827
7,274,F2,0,1,0,0.5,1854
7,275,Target,0,0,1,1,1872
7,276,F2,0,1,0,0.5,1869
7,277,Target,1,1,1,1,1798
7,278,F2,0,1,0,0.5,1801
7,279,F3,0,1,0,0.25,1842
7,280,F1,0,1,0,0.75,1872
7,281,Target,1,1,1,1,1802
7,282,F3,1,0,0,0.25,1864
7,283,F2,1,0,0,0.5,1831
7,284,F1,1,0,0,0.75,1850
7,285,Target,1,1,1,1,1822
7,286,F3,1,0,0,0.25,1810
7,287,F3,0,1,0,0.25,1824
7,288,F2,0,1,0,0.5,1795
7,289,F1,0,1,0,0.75,1823
7,290,F1,1,0,0,0.75,1795
7,291,F1,0,1,0,0.75,1836
7,292,F3,0,1,0,0.25,1839
7,293,F3,0,1,0,0.25,1850
7,294,Target,1,1,1,1,1816
7,295,F1,1,0,0,0.75,1822
7,296,Target,1,1,1,1,1857
7,297,Target,1,1,1,1,1860
7,298,F2,0,1,0,0.5,1866
7,299,Target,1,1,1,1,1797
7,300,Target,1,1,1,1,1832
7,301,F3,1,0,0,0.25,1870
7,302,F1,0,1,0,0.75,1829
7,303,Target,1,1,1,1,1837
7,304,F3,0,1,0,0.25,1867
7,305,F3,0,1,0,0.25,1805
7,306,F2,0,1,0,0.5,1858
7,307,F1,1,0,0,0.75,1853
7,308,Target,1,1,1,1,1864
7,309,Target,1,1,1,1,1826
7,310,Target,1,1,1,1,1808
7,311,F3,0,1,0,0.25,1838
7,312,F3,0,1,0,0.25,1816
8,1,Target,1,1,1,1,1873
8,2,F1,1,0,0,0.75,1874
8,3,F2,0,1,0,0.5,1875
8,4,F3,0,1,0,0.25,1876
8,5,F3,1,0,0,0.25,1877
8,6,F1,1,0,0,0.75,1878
8,7,Target,1,1,1,1,1879
8,8,F1,1,0,0,0.75,1880
8,9,F3,0,1,0,0.25,1881
8,10,F1,1,0,0,0.75,1882
8,11,F3,0,1,0,0.25,1883
8,12,F2,0,1,0,0.5,1884
8,13,F2,0,1,0,0.5,1885
8,14,F1,1,0,0,0.75,1886
8,15,F3,0,1,0,0.25,1887
8,16,F1,1,0,0,0.75,1888
8,17,F1,1,0,0,0.75,1889
8,18,Target,1,1,1,1,1890
8,19,F2,0,1,0,0.5,1891
8,20,F3,1,0,0,0.25,1892
8,21,Target,1,1,1,1,1893
8,22,F1,0,1,0,0.75,1894
8,23,Target,1,1,1,1,1894
8,24,F2,0,1,0,0.5,1895
8,25,F2,1,0,0,0.5,1896
8,26,F3,0,1,0,0.25,1897
8,27,F1,1,0,0,0.75,1898
8,28,F2,0,1,0,0.5,1878
8,29,Target,0,0,1,1,1899
8,30,F2,0,1,0,0.5,1900
8,31,F3,0,1,0,0.25,1901
8,32,F2,1,0,0,0.5,1902
8,33,F2,0,1,0,0.5,1894
8,34,F2,0,1,0,0.5,1889
8,35,F2,0,1,0,0.5,1903
8,36,F3,0,1,0,0.25,1904
8,37,F3,0,1,0,0.25,1884
8,38,F1,1,0,0,0.75,1905
8,39,F3,0,1,0,0.25,1906
8,40,F2,0,1,0,0.5,1901
8,41,F3,1,0,0,0.25,1907
8,42,F2,1,0,0,0.5,1908
8,43,Target,1,1,1,1,1895
8,44,Target,1,1,1,1,1909
8,45,F2,1,0,0,0.5,1910
8,46,F3,0,1,0,0.25,1888
8,47,F2,1,0,0,0.5,1911
8,48,Target,1,1,1,1,1912
8,49,F3,0,1,0,0.25,1910
8,50,F1,0,1,0,0.75,1875
8,51,F1,1,0,0,0.75,1913
8,52,F1,0,1,0,0.75,1903
8,53,F1,1,0,0,0.75,1897
8,54,F3,0,1,0,0.25,1914
8,55,Target,1,1,1,1,1915
8,56,F2,1,0,0,0.5,1883
8,57,F1,0,1,0,0.75,1916
8,58,Target,0,0,1,1,1897
8,59,F2,0,1,0,0.5,1917
8,60,F1,1,0,0,0.75,1918
8,61,Target,1,1,1,1,1919
8,62,F3,0,1,0,0.25,1894
8,63,F1,1,0,0,0.75,1920
8,64,F2,0,1,0,0.5,1886
8,65,F2,0,1,0,0.5,1921
8,66,Target,1,1,1,1,1903
8,67,F1,1,0,0,0.75,1877
8,68,F1,0,1,0,0.75,1906
8,69,Target,1,1,1,1,1922
8,70,F3,0,1,0,0.25,1923
8,71,Target,1,1,1,1,1882
8,72,F1,1,0,0,0.75,1899
8,73,F1,0,1,0,0.75,1924
8,74,F2,0,1,0,0.5,1906
8,75,F3,1,0,0,0.25,1925
8,76,F2,0,1,0,0.5,1925
8,77,F1,0,1,0,0.75,1915
8,78,F3,1,0,0,0.25,1911
8,79,Target,1,1,1,1,1900
8,80,F3,0,1,0,0.25,1926
8,81,Target,0,0,1,1,1892
8,82,F1,1,0,0,0.75,1883
8,83,F2,0,1,0,0.5,1927
8,84,F2,0,1,0,0.5,1928
8,85,F1,1,0,0,0.75,1929
8,86,F3,0,1,0,0.25,1930
8,87,F3,0,1,0,0.25,1873
8,88,Target,1,1,1,1,1931
8,89,F2,1,0,0,0.5,1932
8,90,F3,0,1,0,0.25,1903
8,91,F2,1,0,0,0.5,1923
8,92,Target,1,1,1,1,1933
8,93,F3,1,0,0,0.25,1880
8,94,F2,0,1,0,0.5,1874
8,95,F3,1,0,0,0.25,1931
8,96,Target,1,1,1,1,1898
8,97,F1,1,0,0,0.75,1927
8,98,F3,0,1,0,0.25,1874
8,99,F1,1,0,0,0.75,1934
8,100,Target,1,1,1,1,1876
8,101,F2,0,1,0,0.5,1918
8,102,F2,0,1,0,0.5,1882
8,103,F3,0,1,0,0.25,1935
8,104,Target,1,1,1,1,1877
8,105,F3,0,1,0,0.25,1915
8,106,Target,1,1,1,1,1936
8,107,Target,1,1,1,1,1937
8,108,F2,0,1,0,0.5,1929
8,109,Target,1,1,1,1,1885
8,110,F2,1,0,0,0.5,1930
8,111,F1,1,0,0,0.75,1884
8,112,F2,0,1,0,0.5,1938
8,113,F3,0,1,0,0.25,1921
8,114,F2,0,1,0,0.5,1939
8,115,F1,0,1,0,0.75,1909
8,116,F1,1,0,0,0.75,1914
8,117,Target,1,1,1,1,1913
8,118,Target,1,1,1,1,1883
8,119,F1,0,1,0,0.75,1940
8,120,F2,0,1,0,0.5,1897
8,121,F2,0,1,0,0.5,1909
8,122,F2,0,1,0,0.5,1876
8,123,F3,0,1,0,0.25,1928
8,124,F3,0,1,0,0.25,1919
8,125,F2,0,1,0,0.5,1877
8,126,F1,0,1,0,0.75,1925
8,127,F2,0,1,0,0.5,1933
8,128,F3,0,1,0,0.25,1875
8,129,F1,1,0,0,0.75,1941
8,130,F2,0,1,0,0.5,1893
8,131,F1,0,1,0,0.75,1942
8,132,F2,1,0,0,0.5,1890
8,133,F2,0,1,0,0.5,1937
8,134,F3,0,1,0,0.25,1889
8,135,Target,1,1,1,1,1904
8,136,F1,0,1,0,0.75,1911
8,137,Target,1,1,1,1,1908
8,138,F1,1,0,0,0.75,1943
8,139,F2,0,1,0,0.5,1879
8,140,Target,1,1,1,1,1944
8,141,F1,1,0,0,0.75,1879
8,142,Target,1,1,1,1,1902
8,143,Target,1,1,1,1,1889
8,144,F2,0,1,0,0.5,1916
8,145,F3,0,1,0,0.25,1916
8,146,F3,0,1,0,0.25,1918
8,147,F2,1,0,0,0.5,1905
8,148,F3,0,1,0,0.25,1934
8,149,F2,0,1,0,0.5,1945
8,150,Target,1,1,1,1,1911
8,151,F3,0,1,0,0.25,1941
8,152,Target,1,1,1,1,1905
8,153,Target,1,1,1,1,1918
8,154,F3,0,1,0,0.25,1927
8,155,Target,1,1,1,1,1924
8,156,F2,0,1,0,0.5,1942
8,157,F3,0,1,0,0.25,1878
8,158,Target,1,1,1,1,1878
8,159,F3,0,1,0,0.25,1936
8,160,Target,1,1,1,1,1875
8,161,Target,1,1,1,1,1923
8,162,F2,0,1,0,0.5,1926
8,163,Target,1,1,1,1,1886
8,164,F3,0,1,0,0.25,1912
8,165,Target,1,1,1,1,1946
8,166,Target,1,1,1,1,1901
8,167,Target,1,1,1,1,1930
8,168,F3,0,1,0,0.25,1895
8,169,F3,0,1,0,0.25,1886
8,170,F3,0,1,0,0.25,1938
8,171,F1,1,0,0,0.75,1912
8,172,F3,0,1,0,0.25,1893
8,173,F1,0,1,0,0.75,1893
8,174,F3,0,1,0,0.25,1940
8,175,F2,0,1,0,0.5,1931
8,176,F1,1,0,0,0.75,1945
8,177,Target,0,0,1,1,1921
8,178,F2,0,1,0,0.5,1941
8,179,F3,0,1,0,0.25,1939
8,180,F3,1,0,0,0.25,1947
8,181,F1,1,0,0,0.75,1919
8,182,F3,1,0,0,0.25,1922
8,183,F1,1,0,0,0.75,1907
8,184,F2,0,1,0,0.5,1946
8,185,F3,0,1,0,0.25,1908
8,186,F2,0,1,0,0.5,1887
8,187,F3,0,1,0,0.25,1946
8,188,F2,1,0,0,0.5,1920
8,189,F1,0,1,0,0.75,1917
8,190,F2,0,1,0,0.5,1880
8,191,F3,0,1,0,0.25,1933
8,192,F1,1,0,0,0.75,1900
8,193,Target,1,1,1,1,1881
8,194,Target,0,0,1,1,1925
8,195,F3,0,1,0,0.25,1885
8,196,F3,0,1,0,0.25,1943
8,197,F2,0,1,0,0.5,1907
8,198,F1,1,0,0,0.75,1881
8,199,F3,0,1,0,0.25,1890
8,200,Target,1,1,1,1,1874
8,201,F2,0,1,0,0.5,1936
8,202,F3,0,1,0,0.25,1929
8,203,F3,0,1,0,0.25,1948
8,204,F2,1,0,0,0.5,1949
8,205,F3,0,1,0,0.25,1902
8,206,F2,1,0,0,0.5,1892
8,207,F3,0,1,0,0.25,1945
8,208,Target,1,1,1,1,1914
8,209,F1,0,1,0,0.75,1885
8,210,F2,0,1,0,0.5,1948
8,211,F1,0,1,0,0.75,1891
8,212,F1,0,1,0,0.75,1937
8,213,Target,1,1,1,1,1907
8,214,F3,0,1,0,0.25,1924
8,215,F3,0,1,0,0.25,1937
8,216,Target,1,1,1,1,1938
8,217,F3,0,1,0,0.25,1900
8,218,F2,0,1,0,0.5,1904
8,219,F2,1,0,0,0.5,1914
8,220,F3,0,1,0,0.25,1932
8,221,F1,1,0,0,0.75,1926
8,222,Target,0,0,1,1,1917
8,223,Target,1,1,1,1,1945
8,224,F2,0,1,0,0.5,1943
8,225,F1,0,1,0,0.75,1921
8,226,F1,1,0,0,0.75,1947
8,227,F1,0,1,0,0.75,1946
8,228,F3,0,1,0,0.25,1920
8,229,F3,0,1,0,0.25,1944
8,230,F1,1,0,0,0.75,1930
8,231,F2,1,0,0,0.5,1934
8,232,Target,1,1,1,1,1948
8,233,F3,0,1,0,0.25,1882
8,234,F2,0,1,0,0.5,1947
8,235,Target,1,1,1,1,1916
8,236,F2,1,0,0,0.5,1899
8,237,F2,0,1,0,0.5,1924
8,238,F2,0,1,0,0.5,1950
8,239,F3,0,1,0,0.25,1909
8,240,Target,1,1,1,1,1949
8,241,Target,1,1,1,1,1947
8,242,Target,1,1,1,1,1928
8,243,F1,0,1,0,0.75,1928
8,244,F1,1,0,0,0.75,1949
8,245,F2,0,1,0,0.5,1935
8,246,Target,1,1,1,1,1888
8,247,F2,0,1,0,0.5,1944
8,248,Target,1,1,1,1,1941
8,249,F1,1,0,0,0.75,1944
8,250,F1,0,1,0,0.75,1933
8,251,F3,0,1,0,0.25,1913
8,252,F1,0,1,0,0.75,1892
8,253,F3,0,1,0,0.25,1891
8,254,F1,0,1,0,0.75,1936
8,255,F1,1,0,0,0.75,1876
8,256,Target,1,1,1,1,1887
8,257,F1,0,1,0,0.75,1931
8,258,Target,1,1,1,1,1939
8,259,F2,0,1,0,0.5,1873
8,260,F1,0,1,0,0.75,1935
8,261,F1,1,0,0,0.75,1948
8,262,F1,0,1,0,0.75,1939
8,263,F2,0,1,0,0.5,1915
8,264,F1,0,1,0,0.75,1901
8,265,F3,0,1,0,0.25,1950
8,266,Target,0,0,1,1,1926
8,267,F2,1,0,0,0.5,1919
8,268,F1,1,0,0,0.75,1908
8,269,Target,1,1,1,1,1935
8,270,F1,1,0,0,0.75,1923
8,271,Target,0,0,1,1,1932
8,272,Target,1,1,1,1,1934
8,273,F1,0,1,0,0.75,1910
8,274,F3,0,1,0,0.25,1879
8,275,F2,0,1,0,0.5,1888
8,276,Target,1,1,1,1,1927
8,277,F3,0,1,0,0.25,1942
8,278,Target,0,0,1,1,1896
8,279,F3,0,1,0,0.25,1896
8,280,F2,0,1,0,0.5,1913
8,281,F1,1,0,0,0.75,1887
8,282,Target,0,0,1,1,1891
8,283,F1,1,0,0,0.75,1904
8,284,F3,1,0,0,0.25,1949
8,285,F1,1,0,0,0.75,1938
8,286,Target,0,0,1,1,1880
8,287,F1,1,0,0,0.75,1922
8,288,F2,0,1,0,0.5,1922
8,289,F3,1,0,0,0.25,1905
8,290,F1,1,0,0,0.75,1896
8,291,Target,1,1,1,1,1943
8,292,F2,0,1,0,0.5,1881
8,293,F2,1,0,0,0.5,1940
8,294,Target,1,1,1,1,1950
8,295,Target,1,1,1,1,1940
8,296,Target,1,1,1,1,1906
8,297,Target,1,1,1,1,1942
8,298,F3,0,1,0,0.25,1917
8,299,F1,1,0,0,0.75,1890
8,300,F3,0,1,0,0.25,1899
8,301,F1,0,1,0,0.75,1902
8,302,Target,0,0,1,1,1910
8,303,F1,1,0,0,0.75,1895
8,304,F1,1,0,0,0.75,1950
8,305,F1,0,1,0,0.75,1932
8,306,F1,0,1,0,0.75,1873
8,307,F2,0,1,0,0.5,1912
8,308,F3,0,1,0,0.25,1898
8,309,Target,1,1,1,1,1920
8,310,Target,1,1,1,1,1929
8,311,Target,1,1,1,1,1884
8,312,F2,0,1,0,0.5,1898
9,1,F3,1,0,0,0.25,1951
9,2,F3,0,1,0,0.25,1952
9,3,Target,1,1,1,1,1953
9,4,F2,1,0,0,0.5,1954
9,5,F3,1,0,0,0.25,1955
9,6,F3,0,1,0,0.25,1956
9,7,F1,1,0,0,0.75,1957
9,8,Target,1,1,1,1,1958
9,9,F1,1,0,0,0.75,1959
9,10,Target,1,1,1,1,1960
9,11,F1,1,0,0,0.75,1961
9,12,F3,0,1,0,0.25,1962
9,13,Target,1,1,1,1,1963
9,14,F2,1,0,0,0.5,1964
9,15,F2,1,0,0,0.5,1965
9,16,Target,1,1,1,1,1955
9,17,F2,0,1,0,0.5,1966
9,18,F1,1,0,0,0.75,1956
9,19,F3,1,0,0,0.25,1967
9,20,F1,0,1,0,0.75,1968
9,21,F3,0,1,0,0.25,1959
9,22,F1,0,1,0,0.75,1969
9,23,F2,0,1,0,0.5,1970
9,24,F2,0,1,0,0.5,1971
9,25,F3,1,0,0,0.25,1957
9,26,F1,0,1,0,0.75,1972
9,27,Target,1,1,1,1,1973
9,28,F3,1,0,0,0.25,1974
9,29,Target,1,1,1,1,1969
9,30,F3,0,1,0,0.25,1953
9,31,F3,1,0,0,0.25,1968
9,32,F3,0,1,0,0.25,1975
9,33,F2,1,0,0,0.5,1976
9,34,F3,0,1,0,0.25,1954
9,35,F3,0,1,0,0.25,1977
9,36,F3,0,1,0,0.25,1978
9,37,Target,1,1,1,1,1979
9,38,F2,0,1,0,0.5,1980
9,39,Target,1,1,1,1,1954
9,40,F1,0,1,0,0.75,1974
9,41,F3,0,1,0,0.25,1981
9,42,F2,0,1,0,0.5,1979
9,43,F3,0,1,0,0.25,1982
9,44,F1,0,1,0,0.75,1983
9,45,F1,0,1,0,0.75,1984
9,46,F2,1,0,0,0.5,1957
9,47,F1,1,0,0,0.75,1958
9,48,F1,1,0,0,0.75,1985
9,49,F3,0,1,0,0.25,1986
9,50,F3,0,1,0,0.25,1987
9,51,F3,0,1,0,0.25,1988
9,52,F3,1,0,0,0.25,1989
9,53,F1,1,0,0,0.75,1978
9,54,F2,1,0,0,0.5,1990
9,55,F3,0,1,0,0.25,1991
9,56,Target,1,1,1,1,1992
9,57,F2,0,1,0,0.5,1955
9,58,F3,0,1,0,0.25,1993
9,59,F3,0,1,0,0.25,1994
9,60,F2,1,0,0,0.5,1991
9,61,F2,0,1,0,0.5,1995
9,62,F3,0,1,0,0.25,1958
9,63,Target,1,1,1,1,1996
9,64,F1,0,1,0,0.75,1997
9,65,F3,1,0,0,0.25,1998
9,66,Target,1,1,1,1,1994
9,67,Target,1,1,1,1,1977
9,68,F3,0,1,0,0.25,1999
9,69,F1,1,0,0,0.75,1954
9,70,F1,0,1,0,0.75,1965
9,71,F3,0,1,0,0.25,2000
9,72,F1,0,1,0,0.75,1977
9,73,F3,0,1,0,0.25,2001
9,74,F2,0,1,0,0.5,1959
9,75,F1,0,1,0,0.75,1970
9,76,F1,1,0,0,0.75,1988
9,77,F2,0,1,0,0.5,1984
9,78,Target,1,1,1,1,2002
9,79,F1,1,0,0,0.75,2003
9,80,F3,0,1,0,0.25,1965
9,81,Target,1,1,1,1,1951
9,82,F3,0,1,0,0.25,1983
9,83,F2,1,0,0,0.5,1951
9,84,F3,0,1,0,0.25,1963
9,85,F3,0,1,0,0.25,2002
9,86,F3,0,1,0,0.25,1996
9,87,F2,0,1,0,0.5,1994
9,88,Target,1,1,1,1,1965
9,89,Target,0,0,1,1,1961
9,90,Target,1,1,1,1,1970
9,91,F3,1,0,0,0.25,1960
9,92,F2,0,1,0,0.5,2004
9,93,F2,1,0,0,0.5,1953
9,94,F3,1,0,0,0.25,2005
9,95,Target,1,1,1,1,1990
9,96,F3,0,1,0,0.25,1966
9,97,F2,0,1,0,0.5,1978
9,98,F2,0,1,0,0.5,1962
9,99,Target,1,1,1,1,2006
9,100,F1,1,0,0,0.75,1999
9,101,F3,0,1,0,0.25,2007
9,102,Target,1,1,1,1,1991
9,103,Target,1,1,1,1,1976
9,104,F3,1,0,0,0.25,2003
9,105,F2,0,1,0,0.5,1973
9,106,F1,1,0,0,0.75,1971
9,107,F1,1,0,0,0.75,1993
9,108,Target,1,1,1,1,1967
9,109,F1,1,0,0,0.75,2008
9,110,F1,1,0,0,0.75,1981
9,111,F2,1,0,0,0.5,2009
9,112,F1,1,0,0,0.75,1990
9,113,Target,1,1,1,1,1956
9,114,F2,0,1,0,0.5,1981
9,115,F3,1,0,0,0.25,1995
9,116,Target,1,1,1,1,1986
9,117,Target,1,1,1,1,1957
9,118,Target,1,1,1,1,2009
9,119,F3,0,1,0,0.25,2008
9,120,Target,1,1,1,1,2007
9,121,Target,1,1,1,1,2010
9,122,F2,1,0,0,0.5,2011
9,123,F3,0,1,0,0.25,1972
9,124,F1,1,0,0,0.75,1962
9,125,F3,1,0,0,0.25,2012
9,126,F3,0,1,0,0.25,2013
9,127,F2,0,1,0,0.5,2014
9,128,F3,0,1,0,0.25,1976
9,129,F1,0,1,0,0.75,2015
9,130,F1,1,0,0,0.75,1976
9,131,Target,1,1,1,1,1964
9,132,F2,1,0,0,0.5,1986
9,133,Target,1,1,1,1,2008
9,134,F3,0,1,0,0.25,1992
9,135,F1,0,1,0,0.75,2016
9,136,F2,1,0,0,0.5,1998
9,137,Target,1,1,1,1,1968
9,138,F2,0,1,0,0.5,1977
9,139,F1,1,0,0,0.75,2012
9,140,F2,0,1,0,0.5,2001
9,141,F3,1,0,0,0.25,2017
9,142,Target,1,1,1,1,1982
9,143,F2,0,1,0,0.5,2018
9,144,F2,1,0,0,0.5,1967
9,145,Target,0,0,1,1,2014
9,146,F1,1,0,0,0.75,1991
9,147,F1,1,0,0,0.75,2019
9,148,Target,1,1,1,1,2020
9,149,F1,1,0,0,0.75,2021
9,150,F2,1,0,0,0.5,1985
9,151,F3,0,1,0,0.25,2014
9,152,F1,1,0,0,0.75,2001
9,153,F1,1,0,0,0.75,1955
9,154,F2,1,0,0,0.5,2017
9,155,F2,1,0,0,0.5,1993
9,156,F2,1,0,0,0.5,1974
9,157,F1,1,0,0,0.75,1960
9,158,F3,0,1,0,0.25,1969
9,159,F2,0,1,0,0.5,2022
9,160,F2,0,1,0,0.5,2023
9,161,F3,0,1,0,0.25,2011
9,162,Target,0,0,1,1,2005
9,163,F2,0,1,0,0.5,1996
9,164,F1,1,0,0,0.75,1982
9,165,F2,1,0,0,0.5,1952
9,166,F1,0,1,0,0.75,2023
9,167,F1,0,1,0,0.75,1986
9,168,F2,0,1,0,0.5,2007
9,169,Target,1,1,1,1,2018
9,170,F1,0,1,0,0.75,1973
9,171,F2,1,0,0,0.5,1975
9,172,F2,0,1,0,0.5,1968
9,173,F2,0,1,0,0.5,1963
9,174,F1,0,1,0,0.75,2024
9,175,F3,0,1,0,0.25,1984
9,176,F1,1,0,0,0.75,2025
9,177,F1,0,1,0,0.75,1994
9,178,Target,1,1,1,1,2024
9,179,F1,0,1,0,0.75,2005
9,180,F3,0,1,0,0.25,1980
9,181,Target,1,1,1,1,2004
9,182,F2,0,1,0,0.5,1972
9,183,Target,1,1,1,1,2025
9,184,F3,0,1,0,0.25,1961
9,185,Target,1,1,1,1,2013
9,186,Target,1,1,1,1,2003
9,187,F2,0,1,0,0.5,1988
9,188,F1,0,1,0,0.75,2009
9,189,F1,1,0,0,0.75,1953
9,190,Target,1,1,1,1,2015
9,191,Target,1,1,1,1,2011
9,192,Target,1,1,1,1,1980
9,193,F1,1,0,0,0.75,2017
9,194,F2,1,0,0,0.5,2012
9,195,F2,0,1,0,0.5,2015
9,196,Target,1,1,1,1,2021
9,197,F2,0,1,0,0.5,2005
9,198,Target,1,1,1,1,1987
9,199,F2,0,1,0,0.5,1999
9,200,F3,0,1,0,0.25,2004
9,201,F1,0,1,0,0.75,2006
9,202,F2,0,1,0,0.5,2026
9,203,F1,0,1,0,0.75,1995
9,204,F1,1,0,0,0.75,1966
9,205,F3,0,1,0,0.25,2024
9,206,F2,0,1,0,0.5,2006
9,207,F3,0,1,0,0.25,2016
9,208,F2,1,0,0,0.5,1960
9,209,F2,0,1,0,0.5,2010
9,210,F2,1,0,0,0.5,1958
9,211,F1,0,1,0,0.75,1964
9,212,Target,1,1,1,1,2027
9,213,F1,1,0,0,0.75,1952
9,214,Target,1,1,1,1,1985
9,215,Target,1,1,1,1,2028
9,216,F1,0,1,0,0.75,2028
9,217,F2,1,0,0,0.5,2002
9,218,F1,0,1,0,0.75,2026
9,219,Target,1,1,1,1,2019
9,220,Target,1,1,1,1,1988
9,221,F1,1,0,0,0.75,2018
9,222,Target,1,1,1,1,1981
9,223,F1,0,1,0,0.75,2020
9,224,Target,1,1,1,1,1959
9,225,F2,1,0,0,0.5,1982
9,226,F2,0,1,0,0.5,1983
9,227,F3,0,1,0,0.25,2023
9,228,Target,1,1,1,1,1972
9,229,F2,1,0,0,0.5,1997
9,230,Target,1,1,1,1,1989
9,231,F3,0,1,0,0.25,2009
9,232,Target,1,1,1,1,1995
9,233,Target,1,1,1,1,1984
9,234,F3,0,1,0,0.25,2027
9,235,F1,1,0,0,0.75,1980
9,236,F1,1,0,0,0.75,2011
9,237,F2,0,1,0,0.5,2016
9,238,F3,1,0,0,0.25,1971
9,239,F1,1,0,0,0.75,2013
9,240,F1,0,1,0,0.75,2014
9,241,F3,0,1,0,0.25,2018
9,242,F1,1,0,0,0.75,1951
9,243,F3,0,1,0,0.25,2026
9,244,F3,0,1,0,0.25,1979
9,245,Target,1,1,1,1,1978
9,246,F3,0,1,0,0.25,2006
9,247,Target,1,1,1,1,2001
9,248,F2,0,1,0,0.5,2021
9,249,F1,1,0,0,0.75,2007
9,250,F1,1,0,0,0.75,1992
9,251,F2,0,1,0,0.5,2027
9,252,F1,0,1,0,0.75,1979
9,253,Target,1,1,1,1,2000
9,254,F2,0,1,0,0.5,1989
9,255,F3,0,1,0,0.25,2010
9,256,Target,1,1,1,1,1971
9,257,F3,0,1,0,0.25,1985
9,258,F1,1,0,0,0.75,2002
9,259,F2,0,1,0,0.5,2019
9,260,Target,1,1,1,1,1983
9,261,F2,0,1,0,0.5,1961
9,262,F1,0,1,0,0.75,1996
9,263,F2,0,1,0,0.5,2000
9,264,Target,0,0,1,1,2017
9,265,Target,1,1,1,1,1993
9,266,F3,0,1,0,0.25,2022
9,267,Target,1,1,1,1,2022
9,268,F2,0,1,0,0.5,2013
9,269,F3,0,1,0,0.25,2020
9,270,F3,0,1,0,0.25,2015
9,271,F3,0,1,0,0.25,1973
9,272,F3,0,1,0,0.25,1970
9,273,F2,0,1,0,0.5,1969
9,274,Target,0,0,1,1,2016
9,275,F1,0,1,0,0.75,2000
9,276,F1,1,0,0,0.75,2027
9,277,Target,1,1,1,1,1975
9,278,F2,0,1,0,0.5,2003
9,279,F1,1,0,0,0.75,1967
9,280,Target,1,1,1,1,2023
9,281,F1,0,1,0,0.75,2010
9,282,F1,1,0,0,0.75,2022
9,283,Target,1,1,1,1,1998
9,284,Target,1,1,1,1,1999
9,285,F3,0,1,0,0.25,1997
9,286,Target,0,0,1,1,1952
9,287,F1,0,1,0,0.75,2004
9,288,F2,0,1,0,0.5,2025
9,289,F2,0,1,0,0.5,2008
9,290,Target,1,1,1,1,1962
9,291,F3,0,1,0,0.25,2021
9,292,F2,0,1,0,0.5,1956
9,293,Target,1,1,1,1,1966
9,294,F1,1,0,0,0.75,1975
9,295,Target,1,1,1,1,2012
9,296,F2,1,0,0,0.5,1992
9,297,F2,0,1,0,0.5,2024
9,298,F3,0,1,0,0.25,1964
9,299,F3,1,0,0,0.25,1990
9,300,Target,1,1,1,1,2026
9,301,F3,0,1,0,0.25,2028
9,302,F3,0,1,0,0.25,2025
9,303,Target,1,1,1,1,1974
9,304,F3,0,1,0,0.25,2019
9,305,F2,0,1,0,0.5,1987
9,306,F1,0,1,0,0.75,1987
9,307,F2,0,1,0,0.5,2028
9,308,F2,0,1,0,0.5,2020
9,309,F1,0,1,0,0.75,1963
9,310,F1,0,1,0,0.75,1989
9,311,Target,0,0,1,1,1997
9,312,F1,1,0,0,0.75,1998
10,1,F3,1,0,0,0.25,79
10,2,F1,1,0,0,0.75,80
10,3,F2,0,1,0,0.5,81
10,4,F2,0,1,0,0.5,82
10,5,F2,1,0,0,0.5,83
10,6,Target,1,1,1,1,84
10,7,F2,0,1,0,0.5,85
10,8,Target,1,1,1,1,86
10,9,Target,1,1,1,1,87
10,10,F1,1,0,0,0.75,88
10,11,F1,0,1,0,0.75,89
10,12,F1,1,0,0,0.75,90
10,13,F2,1,0,0,0.5,91
10,14,F1,1,0,0,0.75,85
10,15,F2,0,1,0,0.5,92
10,16,Target,1,1,1,1,93
10,17,Target,1,1,1,1,94
10,18,F1,1,0,0,0.75,95
10,19,F3,1,0,0,0.25,96
10,20,F1,1,0,0,0.75,79
10,21,F2,1,0,0,0.5,97
10,22,F3,0,1,0,0.25,98
10,23,Target,1,1,1,1,99
10,24,Target,1,1,1,1,100
10,25,F3,1,0,0,0.25,101
10,26,F3,0,1,0,0.25,102
10,27,F3,0,1,0,0.25,103
10,28,F3,0,1,0,0.25,104
10,29,Target,1,1,1,1,105
10,30,F3,1,0,0,0.25,106
10,31,Target,1,1,1,1,107
10,32,F1,1,0,0,0.75,99
10,33,F1,1,0,0,0.75,108
10,34,F2,0,1,0,0.5,109
10,35,F1,1,0,0,0.75,110
10,36,Target,0,0,1,1,109
10,37,F3,0,1,0,0.25,111
10,38,Target,1,1,1,1,112
10,39,Target,1,1,1,1,113
10,40,F3,0,1,0,0.25,114
10,41,F1,0,1,0,0.75,115
10,42,F3,0,1,0,0.25,116
10,43,Target,1,1,1,1,117
10,44,F3,1,0,0,0.25,86
10,45,F1,0,1,0,0.75,109
10,46,F3,0,1,0,0.25,89
10,47,F1,1,0,0,0.75,118
10,48,F3,0,1,0,0.25,119
10,49,F1,1,0,0,0.75,120
10,50,Target,1,1,1,1,121
10,51,Target,1,1,1,1,120
10,52,F1,1,0,0,0.75,87
10,53,F2,0,1,0,0.5,88
10,54,Target,1,1,1,1,110
10,55,F2,0,1,0,0.5,122
10,56,F1,0,1,0,0.75,92
10,57,F3,0,1,0,0.25,115
10,58,F1,1,0,0,0.75,123
10,59,F2,0,1,0,0.5,100
10,60,F3,0,1,0,0.25,124
10,61,F3,0,1,0,0.25,118
10,62,F2,1,0,0,0.5,125
10,63,F3,0,1,0,0.25,126
10,64,F1,1,0,0,0.75,127
10,65,Target,1,1,1,1,128
10,66,F1,0,1,0,0.75,129
10,67,F3,0,1,0,0.25,130
10,68,F3,0,1,0,0.25,131
10,69,F1,1,0,0,0.75,132
10,70,Target,1,1,1,1,80
10,71,F1,0,1,0,0.75,128
10,72,Target,1,1,1,1,125
10,73,F3,0,1,0,0.25,100
10,74,F1,1,0,0,0.75,133
10,75,F3,0,1,0,0.25,88
10,76,F1,0,1,0,0.75,134
10,77,Target,1,1,1,1,85
10,78,Target,1,1,1,1,127
10,79,F1,1,0,0,0.75,135
10,80,F1,0,1,0,0.75,136
10,81,F1,1,0,0,0.75,104
10,82,F1,1,0,0,0.75,137
10,83,F3,1,0,0,0.25,94
10,84,F1,1,0,0,0.75,138
10,85,F2,1,0,0,0.5,135
10,86,F1,1,0,0,0.75,139
10,87,F1,1,0,0,0.75,117
10,88,F2,1,0,0,0.5,101
10,89,F3,0,1,0,0.25,99
10,90,F2,0,1,0,0.5,94
10,91,Target,1,1,1,1,90
10,92,F3,0,1,0,0.25,140
10,93,F1,1,0,0,0.75,141
10,94,Target,1,1,1,1,142
10,95,Target,1,1,1,1,104
10,96,F3,0,1,0,0.25,107
10,97,Target,1,1,1,1,143
10,98,F3,0,1,0,0.25,87
10,99,F2,0,1,0,0.5,144
10,100,F1,1,0,0,0.75,145
10,101,Target,1,1,1,1,91
10,102,Target,1,1,1,1,98
10,103,F3,0,1,0,0.25,108
10,104,Target,1,1,1,1,132
10,105,F1,0,1,0,0.75,146
10,106,F1,0,1,0,0.75,113
10,107,F2,1,0,0,0.5,110
10,108,Target,1,1,1,1,145
10,109,F3,0,1,0,0.25,90
10,110,F2,0,1,0,0.5,107
10,111,F3,0,1,0,0.25,109
10,112,F2,1,0,0,0.5,147
10,113,F2,0,1,0,0.5,138
10,114,F3,0,1,0,0.25,80
10,115,Target,1,1,1,1,140
10,116,F3,0,1,0,0.25,127
10,117,F3,0,1,0,0.25,141
10,118,Target,1,1,1,1,133
10,119,F1,1,0,0,0.75,148
10,120,F2,0,1,0,0.5,93
10,121,F2,1,0,0,0.5,126
10,122,Target,1,1,1,1,147
10,123,F2,1,0,0,0.5,104
10,124,Target,1,1,1,1,149
10,125,F1,0,1,0,0.75,91
10,126,Target,0,0,1,1,114
10,127,F2,0,1,0,0.5,128
10,128,Target,1,1,1,1,131
10,129,F3,1,0,0,0.25,117
10,130,F1,1,0,0,0.75,96
10,131,Target,1,1,1,1,144
10,132,F3,0,1,0,0.25,149
10,133,F3,0,1,0,0.25,92
10,134,F3,0,1,0,0.25,150
10,135,F1,1,0,0,0.75,106
10,136,F1,0,1,0,0.75,142
10,137,F3,0,1,0,0.25,148
10,138,F3,0,1,0,0.25,142
10,139,F2,0,1,0,0.5,149
10,140,Target,1,1,1,1,108
10,141,F3,0,1,0,0.25,151
10,142,F2,0,1,0,0.5,141
10,143,F2,0,1,0,0.5,152
10,144,F3,0,1,0,0.25,91
10,145,F1,1,0,0,0.75,147
10,146,F3,0,1,0,0.25,143
10,147,F3,0,1,0,0.25,121
10,148,F3,0,1,0,0.25,97
10,149,F2,0,1,0,0.5,80
10,150,F3,0,1,0,0.25,145
10,151,F2,0,1,0,0.5,145
10,152,F2,0,1,0,0.5,143
10,153,Target,1,1,1,1,95
10,154,F3,0,1,0,0.25,129
10,155,F1,1,0,0,0.75,125
10,156,Target,0,0,1,1,92
10,157,F1,0,1,0,0.75,98
10,158,F2,0,1,0,0.5,120
10,159,F2,1,0,0,0.5,153
10,160,F3,0,1,0,0.25,139
10,161,Target,1,1,1,1,130
10,162,F3,1,0,0,0.25,84
10,163,F3,1,0,0,0.25,81
10,164,F2,1,0,0,0.5,114
10,165,F1,0,1,0,0.75,112
10,166,F2,0,1,0,0.5,133
10,167,F2,0,1,0,0.5,115
10,168,Target,1,1,1,1,96
10,169,F2,0,1,0,0.5,116
10,170,F2,0,1,0,0.5,146
10,171,F1,1,0,0,0.75,154
10,172,F3,0,1,0,0.25,112
10,173,F1,1,0,0,0.75,86
10,174,F3,0,1,0,0.25,113
10,175,Target,1,1,1,1,122
10,176,F1,1,0,0,0.75,144
10,177,Target,1,1,1,1,154
10,178,F2,0,1,0,0.5,86
10,179,F3,0,1,0,0.25,105
10,180,F2,0,1,0,0.5,155
10,181,F1,1,0,0,0.75,140
10,182,Target,1,1,1,1,126
10,183,Target,1,1,1,1,88
10,184,Target,1,1,1,1,89
10,185,F3,0,1,0,0.25,135
10,186,F2,0,1,0,0.5,136
10,187,F2,0,1,0,0.5,137
10,188,F2,0,1,0,0.5,99
10,189,Target,1,1,1,1,152
10,190,Target,1,1,1,1,141
10,191,F1,0,1,0,0.75,102
10,192,F2,0,1,0,0.5,121
10,193,F2,0,1,0,0.5,89
10,194,F2,0,1,0,0.5,117
10,195,F2,1,0,0,0.5,103
10,196,F3,0,1,0,0.25,155
10,197,F2,0,1,0,0.5,79
10,198,F3,0,1,0,0.25,95
10,199,F1,1,0,0,0.75,119
10,200,Target,1,1,1,1,97
10,201,F3,0,1,0,0.25,83
10,202,F2,0,1,0,0.5,130
10,203,F2,0,1,0,0.5,95
10,204,F1,1,0,0,0.75,122
10,205,F2,1,0,0,0.5,139
10,206,F1,1,0,0,0.75,100
10,207,F2,0,1,0,0.5,108
10,208,Target,1,1,1,1,82
10,209,Target,1,1,1,1,156
10,210,Target,1,1,1,1,137
10,211,F2,0,1,0,0.5,90
10,212,F1,1,0,0,0.75,121
10,213,F1,0,1,0,0.75,116
10,214,F1,1,0,0,0.75,152
10,215,F1,1,0,0,0.75,150
10,216,F2,0,1,0,0.5,142
10,217,Target,0,0,1,1,83
10,218,F1,0,1,0,0.75,103
10,219,F1,0,1,0,0.75,131
10,220,F2,1,0,0,0.5,140
10,221,Target,1,1,1,1,115
10,222,F3,0,1,0,0.25,132
10,223,F2,1,0,0,0.5,111
10,224,Target,1,1,1,1,135
10,225,F3,0,1,0,0.25,134
10,226,Target,1,1,1,1,111
10,227,F1,0,1,0,0.75,126
10,228,F3,0,1,0,0.25,122
10,229,F2,0,1,0,0.5,119
10,230,F3,0,1,0,0.25,153
10,231,F2,1,0,0,0.5,131
10,232,F3,0,1,0,0.25,125
10,233,F1,0,1,0,0.75,84
10,234,Target,1,1,1,1,155
10,235,Target,1,1,1,1,102
10,236,Target,1,1,1,1,146
10,237,F1,0,1,0,0.75,153
10,238,F3,0,1,0,0.25,110
10,239,F3,0,1,0,0.25,152
10,240,F1,0,1,0,0.75,83
10,241,F1,0,1,0,0.75,151
10,242,F1,1,0,0,0.75,111
10,243,Target,1,1,1,1,139
10,244,Target,1,1,1,1,129
10,245,F2,0,1,0,0.5,112
10,246,Target,1,1,1,1,106
10,247,F3,0,1,0,0.25,144
10,248,Target,0,0,1,1,119
10,249,Target,1,1,1,1,124
10,250,Target,1,1,1,1,116
10,251,Target,0,0,1,1,134
10,252,F1,1,0,0,0.75,82
10,253,F1,1,0,0,0.75,124
10,254,F1,0,1,0,0.75,81
10,255,Target,0,0,1,1,123
10,256,F3,0,1,0,0.25,154
10,257,F3,1,0,0,0.25,147
10,258,F1,0,1,0,0.75,101
10,259,Target,1,1,1,1,148
10,260,F3,0,1,0,0.25,133
10,261,F1,0,1,0,0.75,130
10,262,F2,0,1,0,0.5,123
10,263,F1,1,0,0,0.75,94
10,264,Target,0,0,1,1,101
10,265,F3,0,1,0,0.25,138
10,266,F3,0,1,0,0.25,128
10,267,F3,0,1,0,0.25,136
10,268,F1,1,0,0,0.75,143
10,269,F2,1,0,0,0.5,151
10,270,F2,0,1,0,0.5,96
10,271,F3,0,1,0,0.25,120
10,272,F2,0,1,0,0.5,105
10,273,Target,0,0,1,1,118
10,274,F2,0,1,0,0.5,129
10,275,F2,0,1,0,0.5,102
10,276,F3,0,1,0,0.25,137
10,277,F2,1,0,0,0.5,132
10,278,F1,0,1,0,0.75,105
10,279,F2,0,1,0,0.5,124
10,280,F3,0,1,0,0.25,156
10,281,F2,0,1,0,0.5,156
10,282,Target,1,1,1,1,81
10,283,Target,1,1,1,1,79
10,284,F2,1,0,0,0.5,150
10,285,Target,1,1,1,1,150
10,286,Target,1,1,1,1,138
10,287,F3,0,1,0,0.25,93
10,288,Target,1,1,1,1,136
10,289,Target,1,1,1,1,103
10,290,F3,0,1,0,0.25,85
10,291,F2,0,1,0,0.5,118
10,292,F2,0,1,0,0.5,127
10,293,F1,0,1,0,0.75,107
10,294,Target,1,1,1,1,153
10,295,F2,0,1,0,0.5,113
10,296,F1,0,1,0,0.75,155
10,297,F3,0,1,0,0.25,82
10,298,F1,0,1,0,0.75,156
10,299,F2,0,1,0,0.5,148
10,300,F1,1,0,0,0.75,93
10,301,F2,0,1,0,0.5,84
10,302,F2,0,1,0,0.5,87
10,303,F1,1,0,0,0.75,114
10,304,F3,0,1,0,0.25,146
10,305,F3,0,1,0,0.25,123
10,306,F1,0,1,0,0.75,149
10,307,F2,0,1,0,0.5,98
10,308,F2,0,1,0,0.5,106
10,309,F2,0,1,0,0.5,134
10,310,F1,1,0,0,0.75,97
10,311,Target,1,1,1,1,151
10,312,F2,1,0,0,0.5,154
12,1,F1,1,0,0,0.75,157
12,2,F3,1,0,0,0.25,158
12,3,F2,1,0,0,0.5,159
12,4,Target,0,0,1,1,160
12,5,Target,1,1,1,1,161
12,6,F2,1,0,0,0.5,162
12,7,Target,1,1,1,1,163
12,8,F1,1,0,0,0.75,164
12,9,F1,1,0,0,0.75,162
12,10,Target,1,1,1,1,165
12,11,F1,1,0,0,0.75,166
12,12,Target,1,1,1,1,167
12,13,F1,1,0,0,0.75,168
12,14,Target,1,1,1,1,169
12,15,F3,1,0,0,0.25,170
12,16,Target,1,1,1,1,171
12,17,F1,1,0,0,0.75,172
12,18,F3,1,0,0,0.25,173
12,19,F3,1,0,0,0.25,162
12,20,F3,1,0,0,0.25,174
12,21,Target,1,1,1,1,175
12,22,F1,1,0,0,0.75,176
12,23,F3,1,0,0,0.25,177
12,24,Target,1,1,1,1,166
12,25,Target,1,1,1,1,177
12,26,Target,1,1,1,1,178
12,27,F1,1,0,0,0.75,179
12,28,Target,1,1,1,1,180
12,29,Target,1,1,1,1,181
12,30,F1,1,0,0,0.75,182
12,31,Target,1,1,1,1,183
12,32,Target,1,1,1,1,184
12,33,F2,1,0,0,0.5,185
12,34,F3,0,1,0,0.25,186
12,35,F2,0,1,0,0.5,179
12,36,F2,0,1,0,0.5,158
12,37,F1,0,1,0,0.75,183
12,38,F1,1,0,0,0.75,187
12,39,F3,0,1,0,0.25,188
12,40,Target,1,1,1,1,189
12,41,F2,0,1,0,0.5,190
12,42,Target,0,0,1,1,157
12,43,F1,1,0,0,0.75,181
12,44,F1,1,0,0,0.75,191
12,45,F1,1,0,0,0.75,186
12,46,F2,1,0,0,0.5,191
12,47,F3,0,1,0,0.25,192
12,48,F3,0,1,0,0.25,187
12,49,F3,0,1,0,0.25,165
12,50,F2,1,0,0,0.5,193
12,51,F3,1,0,0,0.25,182
12,52,F2,1,0,0,0.5,194
12,53,Target,1,1,1,1,195
12,54,F3,0,1,0,0.25,196
12,55,F2,1,0,0,0.5,167
12,56,F1,0,1,0,0.75,197
12,57,F1,1,0,0,0.75,173
12,58,F3,0,1,0,0.25,197
12,59,F1,0,1,0,0.75,178
12,60,Target,1,1,1,1,162
12,61,F3,0,1,0,0.25,198
12,62,Target,0,0,1,1,199
12,63,Target,1,1,1,1,200
12,64,F2,1,0,0,0.5,168
12,65,F2,1,0,0,0.5,201
12,66,F3,0,1,0,0.25,167
12,67,Target,1,1,1,1,196
12,68,F3,1,0,0,0.25,161
12,69,F3,0,1,0,0.25,175
12,70,F2,0,1,0,0.5,202
12,71,Target,1,1,1,1,203
12,72,F2,0,1,0,0.5,177
12,73,F3,0,1,0,0.25,176
12,74,F2,0,1,0,0.5,186
12,75,F3,0,1,0,0.25,204
12,76,F3,0,1,0,0.25,157
12,77,F2,0,1,0,0.5,205
12,78,F2,0,1,0,0.5,206
12,79,F3,0,1,0,0.25,205
12,80,F1,0,1,0,0.75,199
12,81,F1,1,0,0,0.75,159
12,82,F1,0,1,0,0.75,165
12,83,F1,1,0,0,0.75,175
12,84,F3,1,0,0,0.25,164
12,85,F3,0,1,0,0.25,207
12,86,F3,0,1,0,0.25,208
12,87,F1,1,0,0,0.75,180
12,88,Target,1,1,1,1,209
12,89,Target,1,1,1,1,210
12,90,F1,1,0,0,0.75,161
12,91,Target,1,1,1,1,211
12,92,Target,0,0,1,1,212
12,93,F1,0,1,0,0.75,195
12,94,Target,1,1,1,1,207
12,95,F2,1,0,0,0.5,198
12,96,Target,1,1,1,1,213
12,97,F1,0,1,0,0.75,213
12,98,F1,0,1,0,0.75,201
12,99,Target,1,1,1,1,159
12,100,F1,1,0,0,0.75,214
12,101,F3,0,1,0,0.25,215
12,102,F3,0,1,0,0.25,206
12,103,F3,0,1,0,0.25,211
12,104,F3,0,1,0,0.25,195
12,105,F3,0,1,0,0.25,216
12,106,F2,1,0,0,0.5,217
12,107,F1,1,0,0,0.75,212
12,108,F1,1,0,0,0.75,210
12,109,F1,1,0,0,0.75,189
12,110,F3,0,1,0,0.25,184
12,111,Target,1,1,1,1,217
12,112,F2,1,0,0,0.5,184
12,113,F1,1,0,0,0.75,192
12,114,F2,1,0,0,0.5,218
12,115,F3,0,1,0,0.25,219
12,116,F3,1,0,0,0.25,220
12,117,F1,1,0,0,0.75,218
12,118,F3,0,1,0,0.25,221
12,119,F1,1,0,0,0.75,222
12,120,F1,1,0,0,0.75,171
12,121,Target,1,1,1,1,168
12,122,F3,0,1,0,0.25,213
12,123,F3,0,1,0,0.25,163
12,124,F2,0,1,0,0.5,173
12,125,F1,1,0,0,0.75,208
12,126,F3,0,1,0,0.25,214
12,127,F2,0,1,0,0.5,176
12,128,Target,1,1,1,1,223
12,129,F3,1,0,0,0.25,209
12,130,Target,1,1,1,1,224
12,131,Target,1,1,1,1,221
12,132,F1,1,0,0,0.75,198
12,133,F3,0,1,0,0.25,160
12,134,F3,0,1,0,0.25,193
12,135,F3,1,0,0,0.25,189
12,136,F2,0,1,0,0.5,210
12,137,F3,0,1,0,0.25,225
12,138,F3,0,1,0,0.25,178
12,139,F2,1,0,0,0.5,170
12,140,F2,0,1,0,0.5,178
12,141,Target,0,0,1,1,206
12,142,F3,1,0,0,0.25,194
12,143,F3,0,1,0,0.25,226
12,144,F2,0,1,0,0.5,189
12,145,F2,0,1,0,0.5,213
12,146,F2,0,1,0,0.5,209
12,147,F3,0,1,0,0.25,227
12,148,F3,0,1,0,0.25,223
12,149,F1,1,0,0,0.75,221
12,150,F1,1,0,0,0.75,227
12,151,F1,0,1,0,0.75,169
12,152,F2,0,1,0,0.5,226
12,153,F1,0,1,0,0.75,207
12,154,Target,1,1,1,1,164
12,155,F3,0,1,0,0.25,224
12,156,F2,0,1,0,0.5,165
12,157,F2,0,1,0,0.5,207
12,158,Target,1,1,1,1,228
12,159,F3,1,0,0,0.25,203
12,160,F2,0,1,0,0.5,169
12,161,F1,1,0,0,0.75,184
12,162,F2,0,1,0,0.5,171
12,163,F1,1,0,0,0.75,224
12,164,Target,1,1,1,1,188
12,165,F1,1,0,0,0.75,229
12,166,F3,1,0,0,0.25,230
12,167,Target,0,0,1,1,202
12,168,F2,1,0,0,0.5,231
12,169,F1,1,0,0,0.75,220
12,170,F3,1,0,0,0.25,179
12,171,F1,0,1,0,0.75,190
12,172,F3,1,0,0,0.25,232
12,173,F1,0,1,0,0.75,209
12,174,F1,1,0,0,0.75,219
12,175,Target,1,1,1,1,231
12,176,F2,0,1,0,0.5,188
12,177,F2,0,1,0,0.5,172
12,178,Target,1,1,1,1,176
12,179,Target,1,1,1,1,186
12,180,F3,0,1,0,0.25,171
12,181,F3,0,1,0,0.25,190
12,182,F1,0,1,0,0.75,205
12,183,F3,1,0,0,0.25,180
12,184,F1,1,0,0,0.75,196
12,185,F1,1,0,0,0.75,174
12,186,F3,1,0,0,0.25,231
12,187,F2,1,0,0,0.5,227
12,188,F1,1,0,0,0.75,177
12,189,F2,1,0,0,0.5,174
12,190,F1,1,0,0,0.75,185
12,191,F2,1,0,0,0.5,187
12,192,F1,1,0,0,0.75,230
12,193,Target,0,0,1,1,194
12,194,F2,0,1,0,0.5,200
12,195,F1,0,1,0,0.75,233
12,196,F2,0,1,0,0.5,212
12,197,F1,1,0,0,0.75,232
12,198,F3,0,1,0,0.25,200
12,199,F3,0,1,0,0.25,212
12,200,Target,1,1,1,1,230
12,201,Target,1,1,1,1,216
12,202,Target,1,1,1,1,174
12,203,F2,0,1,0,0.5,222
12,204,F1,1,0,0,0.75,193
12,205,F1,1,0,0,0.75,223
12,206,F1,1,0,0,0.75,226
12,207,F2,1,0,0,0.5,182
12,208,F1,1,0,0,0.75,167
12,209,F2,1,0,0,0.5,203
12,210,F2,1,0,0,0.5,223
12,211,Target,1,1,1,1,219
12,212,F2,0,1,0,0.5,181
12,213,Target,1,1,1,1,172
12,214,Target,1,1,1,1,185
12,215,F2,1,0,0,0.5,192
12,216,Target,1,1,1,1,214
12,217,F1,1,0,0,0.75,163
12,218,Target,1,1,1,1,158
12,219,F2,0,1,0,0.5,197
12,220,F3,1,0,0,0.25,191
12,221,F2,0,1,0,0.5,164
12,222,F2,0,1,0,0.5,233
12,223,F2,0,1,0,0.5,216
12,224,F1,1,0,0,0.75,170
12,225,F3,0,1,0,0.25,233
12,226,Target,1,1,1,1,198
12,227,Target,1,1,1,1,229
12,228,F2,0,1,0,0.5,195
12,229,F1,0,1,0,0.75,225
12,230,Target,1,1,1,1,226
12,231,F3,0,1,0,0.25,199
12,232,F1,0,1,0,0.75,188
12,233,F2,0,1,0,0.5,199
12,234,Target,1,1,1,1,205
12,235,F2,0,1,0,0.5,215
12,236,F2,0,1,0,0.5,175
12,237,F3,0,1,0,0.25,202
12,238,F2,1,0,0,0.5,232
12,239,Target,1,1,1,1,187
12,240,F3,0,1,0,0.25,183
12,241,F2,0,1,0,0.5,204
12,242,Target,1,1,1,1,204
12,243,Target,1,1,1,1,227
12,244,Target,1,1,1,1,220
12,245,Target,1,1,1,1,208
12,246,F1,1,0,0,0.75,234
12,247,F3,1,0,0,0.25,210
12,248,F3,1,0,0,0.25,217
12,249,F3,1,0,0,0.25,201
12,250,F2,1,0,0,0.5,230
12,251,Target,0,0,1,1,222
12,252,Target,1,1,1,1,179
12,253,F2,0,1,0,0.5,160
12,254,Target,1,1,1,1,182
12,255,F1,0,1,0,0.75,202
12,256,F2,1,0,0,0.5,180
12,257,Target,1,1,1,1,218
12,258,Target,1,1,1,1,190
12,259,Target,0,0,1,1,225
12,260,F1,1,0,0,0.75,206
12,261,F1,1,0,0,0.75,215
12,262,F3,1,0,0,0.25,222
12,263,F3,1,0,0,0.25,159
12,264,Target,1,1,1,1,192
12,265,F2,1,0,0,0.5,211
12,266,F1,0,1,0,0.75,160
12,267,F3,1,0,0,0.25,218
12,268,F1,1,0,0,0.75,158
12,269,F1,1,0,0,0.75,194
12,270,F2,1,0,0,0.5,234
12,271,Target,1,1,1,1,170
12,272,F3,0,1,0,0.25,172
12,273,F1,1,0,0,0.75,200
12,274,F1,0,1,0,0.75,211
12,275,F2,1,0,0,0.5,214
12,276,Target,1,1,1,1,193
12,277,Target,1,1,1,1,201
12,278,Target,1,1,1,1,173
12,279,F1,1,0,0,0.75,204
12,280,F2,1,0,0,0.5,157
12,281,F1,1,0,0,0.75,203
12,282,Target,1,1,1,1,232
12,283,F1,1,0,0,0.75,217
12,284,F3,0,1,0,0.25,169
12,285,F3,0,1,0,0.25,185
12,286,F2,0,1,0,0.5,166
12,287,F3,0,1,0,0.25,228
12,288,F1,1,0,0,0.75,231
12,289,F2,0,1,0,0.5,208
12,290,F3,0,1,0,0.25,181
12,291,F3,1,0,0,0.25,229
12,292,F1,0,1,0,0.75,216
12,293,F2,1,0,0,0.5,163
12,294,F3,0,1,0,0.25,166
12,295,F2,0,1,0,0.5,183
12,296,F2,0,1,0,0.5,225
12,297,F2,1,0,0,0.5,219
12,298,F3,1,0,0,0.25,168
12,299,Target,1,1,1,1,234
12,300,F2,0,1,0,0.5,196
12,301,F3,0,1,0,0.25,234
12,302,F2,1,0,0,0.5,224
12,303,F2,1,0,0,0.5,161
12,304,F2,0,1,0,0.5,228
12,305,F2,0,1,0,0.5,229
12,306,F2,1,0,0,0.5,220
12,307,F2,0,1,0,0.5,221
12,308,F1,1,0,0,0.75,228
12,309,Target,1,1,1,1,215
12,310,Target,1,1,1,1,191
12,311,Target,1,1,1,1,233
12,312,Target,0,0,1,1,197
13,1,F1,1,0,0,0.75,235
13,2,F2,1,0,0,0.5,236
13,3,Target,1,1,1,1,237
13,4,F3,0,1,0,0.25,238
13,5,F3,1,0,0,0.25,239
13,6,F1,1,0,0,0.75,240
13,7,F3,1,0,0,0.25,241
13,8,F2,0,1,0,0.5,242
13,9,F3,0,1,0,0.25,243
13,10,F2,1,0,0,0.5,244
13,11,F2,0,1,0,0.5,245
13,12,Target,1,1,1,1,245
13,13,Target,1,1,1,1,241
13,14,Target,1,1,1,1,246
13,15,Target,1,1,1,1,247
13,16,F1,1,0,0,0.75,248
13,17,F1,0,1,0,0.75,249
13,18,F2,0,1,0,0.5,250
13,19,F1,1,0,0,0.75,246
13,20,F2,0,1,0,0.5,251
13,21,F2,1,0,0,0.5,252
13,22,F1,0,1,0,0.75,253
13,23,F1,0,1,0,0.75,254
13,24,F1,1,0,0,0.75,255
13,25,Target,1,1,1,1,256
13,26,Target,1,1,1,1,257
13,27,Target,1,1,1,1,258
13,28,F3,1,0,0,0.25,249
13,29,F2,0,1,0,0.5,259
13,30,F2,0,1,0,0.5,260
13,31,F1,0,1,0,0.75,261
13,32,F2,0,1,0,0.5,262
13,33,F1,0,1,0,0.75,263
13,34,Target,1,1,1,1,264
13,35,F3,0,1,0,0.25,265
13,36,F2,0,1,0,0.5,266
13,37,F2,0,1,0,0.5,267
13,38,F2,1,0,0,0.5,248
13,39,F2,1,0,0,0.5,268
13,40,F3,0,1,0,0.25,242
13,41,F3,0,1,0,0.25,269
13,42,F3,0,1,0,0.25,253
13,43,F1,1,0,0,0.75,269
13,44,F2,0,1,0,0.5,270
13,45,F2,1,0,0,0.5,241
13,46,F3,0,1,0,0.25,267
13,47,F3,0,1,0,0.25,271
13,48,F1,0,1,0,0.75,272
13,49,F2,0,1,0,0.5,263
13,50,F3,0,1,0,0.25,273
13,51,F3,0,1,0,0.25,262
13,52,F1,0,1,0,0.75,274
13,53,F1,1,0,0,0.75,275
13,54,F3,0,1,0,0.25,266
13,55,F2,0,1,0,0.5,276
13,56,F2,0,1,0,0.5,277
13,57,Target,1,1,1,1,278
13,58,Target,1,1,1,1,238
13,59,F2,0,1,0,0.5,265
13,60,F2,0,1,0,0.5,279
13,61,F2,0,1,0,0.5,261
13,62,F3,1,0,0,0.25,259
13,63,F2,0,1,0,0.5,280
13,64,Target,1,1,1,1,266
13,65,F1,0,1,0,0.75,237
13,66,F2,0,1,0,0.5,239
13,67,Target,1,1,1,1,281
13,68,F2,0,1,0,0.5,282
13,69,F3,0,1,0,0.25,283
13,70,F2,0,1,0,0.5,284
13,71,F3,0,1,0,0.25,285
13,72,F3,0,1,0,0.25,286
13,73,Target,1,1,1,1,282
13,74,F3,0,1,0,0.25,245
13,75,F1,1,0,0,0.75,287
13,76,F2,0,1,0,0.5,288
13,77,F1,0,1,0,0.75,289
13,78,Target,1,1,1,1,240
13,79,F3,0,1,0,0.25,290
13,80,F1,0,1,0,0.75,291
13,81,F2,0,1,0,0.5,290
13,82,F3,0,1,0,0.25,292
13,83,F2,0,1,0,0.5,247
13,84,F1,0,1,0,0.75,293
13,85,F2,1,0,0,0.5,235
13,86,Target,1,1,1,1,289
13,87,F3,0,1,0,0.25,294
13,88,F1,0,1,0,0.75,282
13,89,Target,1,1,1,1,277
13,90,Target,1,1,1,1,295
13,91,Target,1,1,1,1,296
13,92,F2,1,0,0,0.5,249
13,93,F2,0,1,0,0.5,281
13,94,F1,0,1,0,0.75,277
13,95,F2,1,0,0,0.5,269
13,96,F2,0,1,0,0.5,240
13,97,F1,1,0,0,0.75,280
13,98,F2,0,1,0,0.5,297
13,99,F2,1,0,0,0.5,293
13,100,F1,1,0,0,0.75,284
13,101,Target,1,1,1,1,298
13,102,F1,0,1,0,0.75,279
13,103,F2,0,1,0,0.5,299
13,104,F1,0,1,0,0.75,300
13,105,Target,1,1,1,1,280
13,106,Target,1,1,1,1,242
13,107,Target,1,1,1,1,272
13,108,F1,0,1,0,0.75,268
13,109,F3,0,1,0,0.25,252
13,110,F3,0,1,0,0.25,296
13,111,Target,1,1,1,1,276
13,112,F3,0,1,0,0.25,301
13,113,Target,0,0,1,1,267
13,114,F1,1,0,0,0.75,288
13,115,Target,1,1,1,1,302
13,116,F1,0,1,0,0.75,302
13,117,Target,1,1,1,1,259
13,118,Target,1,1,1,1,279
13,119,F2,1,0,0,0.5,286
13,120,F1,0,1,0,0.75,296
13,121,Target,1,1,1,1,236
13,122,F3,0,1,0,0.25,254
13,123,F1,1,0,0,0.75,281
13,124,Target,1,1,1,1,301
13,125,F2,1,0,0,0.5,303
13,126,F1,0,1,0,0.75,290
13,127,F1,0,1,0,0.75,298
13,128,F1,1,0,0,0.75,299
13,129,F3,1,0,0,0.25,235
13,130,Target,1,1,1,1,252
13,131,F2,0,1,0,0.5,304
13,132,F3,0,1,0,0.25,279
13,133,F1,0,1,0,0.75,305
13,134,F1,1,0,0,0.75,264
13,135,F2,0,1,0,0.5,306
13,136,F2,0,1,0,0.5,254
13,137,F1,1,0,0,0.75,262
13,138,Target,1,1,1,1,306
13,139,F3,0,1,0,0.25,295
13,140,F1,1,0,0,0.75,241
13,141,F1,1,0,0,0.75,307
13,142,F2,1,0,0,0.5,300
13,143,Target,1,1,1,1,253
13,144,F3,0,1,0,0.25,306
13,145,F3,0,1,0,0.25,277
13,146,F1,1,0,0,0.75,270
13,147,F1,0,1,0,0.75,306
13,148,F3,0,1,0,0.25,308
13,149,F3,0,1,0,0.25,274
13,150,F3,0,1,0,0.25,280
13,151,F2,0,1,0,0.5,291
13,152,F2,0,1,0,0.5,243
13,153,F3,1,0,0,0.25,260
13,154,Target,1,1,1,1,254
13,155,F3,0,1,0,0.25,268
13,156,Target,1,1,1,1,308
13,157,F2,0,1,0,0.5,302
13,158,F3,0,1,0,0.25,302
13,159,F3,0,1,0,0.25,251
13,160,F3,0,1,0,0.25,256
13,161,F1,0,1,0,0.75,259
13,162,F1,1,0,0,0.75,271
13,163,F2,0,1,0,0.5,287
13,164,F2,0,1,0,0.5,292
13,165,F3,0,1,0,0.25,247
13,166,F2,0,1,0,0.5,289
13,167,F1,1,0,0,0.75,258
13,168,F1,0,1,0,0.75,276
13,169,F3,0,1,0,0.25,303
13,170,Target,1,1,1,1,292
13,171,F1,0,1,0,0.75,309
13,172,F1,0,1,0,0.75,260
13,173,F3,0,1,0,0.25,250
13,174,F3,1,0,0,0.25,310
13,175,F2,0,1,0,0.5,307
13,176,F1,1,0,0,0.75,239
13,177,F1,1,0,0,0.75,303
13,178,F2,1,0,0,0.5,310
13,179,F3,0,1,0,0.25,236
13,180,F2,0,1,0,0.5,295
13,181,F1,0,1,0,0.75,245
13,182,Target,1,1,1,1,268
13,183,F3,0,1,0,0.25,275
13,184,F2,1,0,0,0.5,264
13,185,Target,1,1,1,1,293
13,186,F1,0,1,0,0.75,236
13,187,F3,0,1,0,0.25,248
13,188,Target,1,1,1,1,310
13,189,F1,1,0,0,0.75,286
13,190,F3,0,1,0,0.25,287
13,191,Target,1,1,1,1,265
13,192,Target,1,1,1,1,273
13,193,Target,1,1,1,1,244
13,194,F3,0,1,0,0.25,304
13,195,F3,0,1,0,0.25,237
13,196,F1,1,0,0,0.75,244
13,197,Target,0,0,1,1,307
13,198,F2,0,1,0,0.5,294
13,199,F3,0,1,0,0.25,311
13,200,F2,1,0,0,0.5,301
13,201,Target,1,1,1,1,304
13,202,F2,0,1,0,0.5,283
13,203,F2,0,1,0,0.5,253
13,204,F1,1,0,0,0.75,256
13,205,F3,0,1,0,0.25,264
13,206,Target,1,1,1,1,294
13,207,Target,1,1,1,1,297
13,208,Target,1,1,1,1,311
13,209,F1,0,1,0,0.75,242
13,210,F3,0,1,0,0.25,288
13,211,F3,0,1,0,0.25,258
13,212,F1,0,1,0,0.75,273
13,213,F3,0,1,0,0.25,244
13,214,F3,0,1,0,0.25,291
13,215,F1,1,0,0,0.75,257
13,216,F2,0,1,0,0.5,256
13,217,F1,0,1,0,0.75,265
13,218,Target,1,1,1,1,299
13,219,Target,1,1,1,1,303
13,220,F2,0,1,0,0.5,273
13,221,Target,0,0,1,1,260
13,222,Target,1,1,1,1,270
13,223,Target,0,0,1,1,284
13,224,F3,1,0,0,0.25,293
13,225,F3,0,1,0,0.25,276
13,226,Target,0,0,1,1,243
13,227,Target,1,1,1,1,286
13,228,F1,0,1,0,0.75,311
13,229,F1,1,0,0,0.75,251
13,230,Target,1,1,1,1,271
13,231,Target,1,1,1,1,312
13,232,F3,0,1,0,0.25,270
13,233,F2,0,1,0,0.5,272
13,234,F1,0,1,0,0.75,297
13,235,F1,1,0,0,0.75,308
13,236,Target,1,1,1,1,305
13,237,Target,0,0,1,1,269
13,238,Target,1,1,1,1,255
13,239,F1,1,0,0,0.75,292
13,240,Target,1,1,1,1,262
13,241,F2,0,1,0,0.5,275
13,242,Target,1,1,1,1,248
13,243,F2,0,1,0,0.5,311
13,244,F1,0,1,0,0.75,294
13,245,Target,1,1,1,1,285
13,246,F1,0,1,0,0.75,243
13,247,F1,1,0,0,0.75,310
13,248,F3,0,1,0,0.25,309
13,249,F3,0,1,0,0.25,246
13,250,F2,0,1,0,0.5,309
13,251,F1,0,1,0,0.75,295
13,252,Target,1,1,1,1,250
13,253,F2,0,1,0,0.5,238
13,254,F2,0,1,0,0.5,246
13,255,F3,0,1,0,0.25,299
13,256,F2,0,1,0,0.5,312
13,257,F3,0,1,0,0.25,305
13,258,Target,0,0,1,1,239
13,259,Target,0,0,1,1,249
13,260,F3,0,1,0,0.25,297
13,261,F2,0,1,0,0.5,271
13,262,F3,0,1,0,0.25,263
13,263,F3,0,1,0,0.25,261
13,264,F2,0,1,0,0.5,285
13,265,F3,0,1,0,0.25,312
13,266,F1,1,0,0,0.75,285
13,267,Target,1,1,1,1,275
13,268,F3,0,1,0,0.25,240
13,269,Target,1,1,1,1,291
13,270,F1,1,0,0,0.75,267
13,271,F2,0,1,0,0.5,308
13,272,Target,1,1,1,1,309
13,273,F3,0,1,0,0.25,298
13,274,Target,0,0,1,1,283
13,275,F3,0,1,0,0.25,300
13,276,F1,1,0,0,0.75,304
13,277,F1,0,1,0,0.75,250
13,278,F1,1,0,0,0.75,301
13,279,Target,1,1,1,1,287
13,280,F2,0,1,0,0.5,278
13,281,F1,0,1,0,0.75,266
13,282,F2,0,1,0,0.5,298
13,283,F3,0,1,0,0.25,307
13,284,Target,1,1,1,1,274
13,285,Target,1,1,1,1,251
13,286,F1,1,0,0,0.75,252
13,287,Target,0,0,1,1,300
13,288,Target,0,0,1,1,235
13,289,F1,1,0,0,0.75,238
13,290,F1,0,1,0,0.75,247
13,291,F3,0,1,0,0.25,272
13,292,F3,0,1,0,0.25,281
13,293,F3,0,1,0,0.25,278
13,294,F3,0,1,0,0.25,282
13,295,F2,0,1,0,0.5,237
13,296,F3,0,1,0,0.25,257
13,297,F2,0,1,0,0.5,255
13,298,Target,1,1,1,1,263
13,299,F3,0,1,0,0.25,284
13,300,Target,1,1,1,1,290
13,301,F3,0,1,0,0.25,289
13,302,F1,0,1,0,0.75,312
13,303,F1,0,1,0,0.75,278
13,304,Target,1,1,1,1,288
13,305,Target,1,1,1,1,261
13,306,F2,1,0,0,0.5,296
13,307,F2,1,0,0,0.5,274
13,308,F1,0,1,0,0.75,283
13,309,F3,0,1,0,0.25,255
13,310,F2,0,1,0,0.5,257
13,311,F2,0,1,0,0.5,258
13,312,F2,0,1,0,0.5,305
14,1,Target,1,1,1,1,313
14,2,Target,0,0,1,1,314
14,3,Target,1,1,1,1,315
14,4,Target,1,1,1,1,316
14,5,F1,1,0,0,0.75,317
14,6,F1,1,0,0,0.75,318
14,7,Target,1,1,1,1,319
14,8,F1,0,1,0,0.75,320
14,9,Target,1,1,1,1,321
14,10,F3,0,1,0,0.25,322
14,11,F3,0,1,0,0.25,323
14,12,F3,0,1,0,0.25,324
14,13,F2,1,0,0,0.5,325
14,14,F3,0,1,0,0.25,326
14,15,F3,0,1,0,0.25,327
14,16,F3,1,0,0,0.25,328
14,17,F2,0,1,0,0.5,329
14,18,F3,0,1,0,0.25,330
14,19,F1,1,0,0,0.75,331
14,20,F1,1,0,0,0.75,332
14,21,F3,0,1,0,0.25,333
14,22,F1,1,0,0,0.75,334
14,23,Target,1,1,1,1,335
14,24,F3,0,1,0,0.25,336
14,25,F1,1,0,0,0.75,337
14,26,F3,1,0,0,0.25,337
14,27,Target,1,1,1,1,338
14,28,F3,0,1,0,0.25,339
14,29,F2,0,1,0,0.5,340
14,30,F3,0,1,0,0.25,320
14,31,F1,0,1,0,0.75,341
14,32,Target,1,1,1,1,342
14,33,F2,0,1,0,0.5,343
14,34,Target,1,1,1,1,344
14,35,F1,0,1,0,0.75,345
14,36,F3,0,1,0,0.25,346
14,37,F3,1,0,0,0.25,347
14,38,F3,0,1,0,0.25,348
14,39,F1,1,0,0,0.75,333
14,40,F3,1,0,0,0.25,349
14,41,F3,0,1,0,0.25,350
14,42,F1,0,1,0,0.75,351
14,43,F2,1,0,0,0.5,352
14,44,F1,0,1,0,0.75,353
14,45,F1,0,1,0,0.75,324
14,46,Target,1,1,1,1,354
14,47,F2,0,1,0,0.5,321
14,48,Target,1,1,1,1,340
14,49,Target,1,1,1,1,325
14,50,Target,1,1,1,1,330
14,51,F1,0,1,0,0.75,355
14,52,F2,0,1,0,0.5,330
14,53,F2,0,1,0,0.5,356
14,54,F2,0,1,0,0.5,357
14,55,F1,0,1,0,0.75,358
14,56,Target,1,1,1,1,320
14,57,F2,0,1,0,0.5,359
14,58,F2,1,0,0,0.5,326
14,59,F1,1,0,0,0.75,321
14,60,F1,0,1,0,0.75,330
14,61,F1,0,1,0,0.75,360
14,62,Target,1,1,1,1,331
14,63,F2,1,0,0,0.5,361
14,64,Target,1,1,1,1,362
14,65,F2,1,0,0,0.5,314
14,66,F1,0,1,0,0.75,342
14,67,F2,1,0,0,0.5,363
14,68,F1,1,0,0,0.75,325
14,69,F3,1,0,0,0.25,364
14,70,Target,1,1,1,1,349
14,71,F2,1,0,0,0.5,365
14,72,F2,1,0,0,0.5,360
14,73,F2,0,1,0,0.5,315
14,74,F3,0,1,0,0.25,352
14,75,Target,1,1,1,1,355
14,76,F1,0,1,0,0.75,365
14,77,F3,0,1,0,0.25,340
14,78,Target,1,1,1,1,343
14,79,F2,1,0,0,0.5,332
14,80,F2,1,0,0,0.5,347
14,81,F2,0,1,0,0.5,366
14,82,Target,0,0,1,1,317
14,83,F3,0,1,0,0.25,365
14,84,F1,0,1,0,0.75,338
14,85,Target,1,1,1,1,332
14,86,F1,1,0,0,0.75,328
14,87,F1,0,1,0,0.75,352
14,88,Target,1,1,1,1,339
14,89,Target,1,1,1,1,336
14,90,F3,0,1,0,0.25,367
14,91,Target,1,1,1,1,368
14,92,F1,1,0,0,0.75,369
14,93,F1,1,0,0,0.75,336
14,94,F1,1,0,0,0.75,362
14,95,Target,1,1,1,1,348
14,96,Target,1,1,1,1,341
14,97,Target,1,1,1,1,352
14,98,F2,1,0,0,0.5,370
14,99,Target,0,0,1,1,357
14,100,F2,0,1,0,0.5,371
14,101,F2,1,0,0,0.5,372
14,102,F2,1,0,0,0.5,367
14,103,F3,0,1,0,0.25,373
14,104,Target,1,1,1,1,351
14,105,F2,1,0,0,0.5,341
14,106,F2,0,1,0,0.5,374
14,107,F2,0,1,0,0.5,313
14,108,F3,0,1,0,0.25,325
14,109,F2,1,0,0,0.5,349
14,110,F2,1,0,0,0.5,334
14,111,F3,0,1,0,0.25,354
14,112,F3,0,1,0,0.25,332
14,113,F1,0,1,0,0.75,372
14,114,F2,0,1,0,0.5,355
14,115,F1,0,1,0,0.75,375
14,116,F2,1,0,0,0.5,342
14,117,F3,0,1,0,0.25,345
14,118,F3,0,1,0,0.25,329
14,119,F2,0,1,0,0.5,376
14,120,F2,0,1,0,0.5,358
14,121,Target,1,1,1,1,370
14,122,F3,0,1,0,0.25,377
14,123,Target,1,1,1,1,378
14,124,F2,0,1,0,0.5,379
14,125,F2,0,1,0,0.5,331
14,126,F2,1,0,0,0.5,380
14,127,F1,1,0,0,0.75,349
14,128,F1,0,1,0,0.75,350
14,129,F1,0,1,0,0.75,373
14,130,Target,0,0,1,1,381
14,131,F2,1,0,0,0.5,354
14,132,F1,0,1,0,0.75,357
14,133,F3,0,1,0,0.25,355
14,134,F2,0,1,0,0.5,382
14,135,F1,0,1,0,0.75,368
14,136,F2,0,1,0,0.5,383
14,137,F3,0,1,0,0.25,317
14,138,F1,0,1,0,0.75,344
14,139,F1,0,1,0,0.75,384
14,140,F3,0,1,0,0.25,358
14,141,F2,1,0,0,0.5,373
14,142,F1,1,0,0,0.75,327
14,143,F2,0,1,0,0.5,377
14,144,F2,0,1,0,0.5,335
14,145,F3,0,1,0,0.25,357
14,146,F2,0,1,0,0.5,323
14,147,F1,0,1,0,0.75,329
14,148,F3,0,1,0,0.25,379
14,149,F1,1,0,0,0.75,322
14,150,Target,1,1,1,1,367
14,151,F1,0,1,0,0.75,340
14,152,F3,0,1,0,0.25,321
14,153,Target,1,1,1,1,333
14,154,F3,0,1,0,0.25,363
14,155,Target,1,1,1,1,360
14,156,F1,1,0,0,0.75,370
14,157,Target,1,1,1,1,385
14,158,Target,1,1,1,1,384
14,159,Target,1,1,1,1,383
14,160,F1,1,0,0,0.75,319
14,161,F1,1,0,0,0.75,380
14,162,F2,0,1,0,0.5,346
14,163,F1,0,1,0,0.75,386
14,164,F1,0,1,0,0.75,315
14,165,F3,0,1,0,0.25,353
14,166,F3,0,1,0,0.25,382
14,167,F3,0,1,0,0.25,369
14,168,F2,0,1,0,0.5,369
14,169,F3,0,1,0,0.25,315
14,170,F3,0,1,0,0.25,385
14,171,Target,1,1,1,1,334
14,172,F2,0,1,0,0.5,386
14,173,F2,0,1,0,0.5,322
14,174,F3,0,1,0,0.25,370
14,175,F1,0,1,0,0.75,387
14,176,F1,1,0,0,0.75,356
14,177,F1,0,1,0,0.75,379
14,178,F3,0,1,0,0.25,384
14,179,F3,0,1,0,0.25,341
14,180,Target,0,0,1,1,345
14,181,F2,0,1,0,0.5,378
14,182,F3,0,1,0,0.25,361
14,183,Target,1,1,1,1,346
14,184,F1,1,0,0,0.75,347
14,185,F1,0,1,0,0.75,383
14,186,F3,0,1,0,0.25,314
14,187,Target,1,1,1,1,388
14,188,Target,1,1,1,1,322
14,189,Target,0,0,1,1,369
14,190,Target,1,1,1,1,356
14,191,F3,1,0,0,0.25,378
14,192,F2,0,1,0,0.5,364
14,193,F2,0,1,0,0.5,381
14,194,F1,0,1,0,0.75,376
14,195,F3,1,0,0,0.25,372
14,196,F3,1,0,0,0.25,313
14,197,F1,0,1,0,0.75,367
14,198,F3,0,1,0,0.25,368
14,199,Target,1,1,1,1,389
14,200,F3,0,1,0,0.25,374
14,201,F2,1,0,0,0.5,338
14,202,Target,1,1,1,1,350
14,203,F3,0,1,0,0.25,376
14,204,F1,0,1,0,0.75,381
14,205,F1,0,1,0,0.75,323
14,206,F3,0,1,0,0.25,334
14,207,F2,0,1,0,0.5,351
14,208,F2,0,1,0,0.5,344
14,209,F2,0,1,0,0.5,318
14,210,F1,0,1,0,0.75,314
14,211,F3,0,1,0,0.25,375
14,212,Target,1,1,1,1,371
14,213,F2,1,0,0,0.5,339
14,214,Target,1,1,1,1,372
14,215,Target,1,1,1,1,373
14,216,Target,0,0,1,1,324
14,217,F1,1,0,0,0.75,364
14,218,F1,0,1,0,0.75,378
14,219,F1,0,1,0,0.75,348
14,220,Target,1,1,1,1,386
14,221,F2,0,1,0,0.5,324
14,222,F3,0,1,0,0.25,331
14,223,Target,1,1,1,1,326
14,224,F1,0,1,0,0.75,389
14,225,F3,0,1,0,0.25,359
14,226,F1,1,0,0,0.75,366
14,227,F1,1,0,0,0.75,346
14,228,F2,0,1,0,0.5,384
14,229,F3,0,1,0,0.25,356
14,230,F1,0,1,0,0.75,313
14,231,F2,0,1,0,0.5,362
14,232,F2,0,1,0,0.5,319
14,233,F3,0,1,0,0.25,316
14,234,F3,0,1,0,0.25,386
14,235,F3,0,1,0,0.25,383
14,236,F3,0,1,0,0.25,344
14,237,Target,1,1,1,1,365
14,238,Target,0,0,1,1,366
14,239,F1,0,1,0,0.75,371
14,240,F2,0,1,0,0.5,327
14,241,F3,0,1,0,0.25,319
14,242,Target,1,1,1,1,390
14,243,F3,0,1,0,0.25,335
14,244,Target,1,1,1,1,376
14,245,F2,1,0,0,0.5,337
14,246,F3,0,1,0,0.25,371
14,247,F2,0,1,0,0.5,390
14,248,F3,0,1,0,0.25,389
14,249,F2,1,0,0,0.5,345
14,250,Target,1,1,1,1,374
14,251,Target,1,1,1,1,382
14,252,F2,0,1,0,0.5,375
14,253,Target,1,1,1,1,377
14,254,F2,0,1,0,0.5,328
14,255,Target,1,1,1,1,358
14,256,Target,0,0,1,1,347
14,257,Target,1,1,1,1,323
14,258,F1,0,1,0,0.75,326
14,259,F3,0,1,0,0.25,343
14,260,Target,1,1,1,1,337
14,261,Target,1,1,1,1,327
14,262,F1,1,0,0,0.75,390
14,263,F3,1,0,0,0.25,387
14,264,F1,1,0,0,0.75,316
14,265,F1,1,0,0,0.75,363
14,266,F1,0,1,0,0.75,343
14,267,Target,0,0,1,1,329
14,268,F2,0,1,0,0.5,348
14,269,F2,0,1,0,0.5,353
14,270,F2,1,0,0,0.5,387
14,271,F1,1,0,0,0.75,382
14,272,F3,0,1,0,0.25,380
14,273,F1,0,1,0,0.75,377
14,274,F1,1,0,0,0.75,354
14,275,Target,1,1,1,1,328
14,276,Target,1,1,1,1,318
14,277,F1,1,0,0,0.75,388
14,278,F2,0,1,0,0.5,317
14,279,F2,0,1,0,0.5,368
14,280,Target,0,0,1,1,359
14,281,F3,0,1,0,0.25,388
14,282,Target,1,1,1,1,387
14,283,F2,0,1,0,0.5,388
14,284,F1,1,0,0,0.75,361
14,285,F2,1,0,0,0.5,389
14,286,F1,1,0,0,0.75,374
14,287,F3,0,1,0,0.25,366
14,288,F2,0,1,0,0.5,385
14,289,F3,0,1,0,0.25,390
14,290,Target,1,1,1,1,363
14,291,F3,0,1,0,0.25,360
14,292,F1,0,1,0,0.75,339
14,293,Target,0,0,1,1,353
14,294,F3,0,1,0,0.25,338
14,295,F1,0,1,0,0.75,335
14,296,F2,0,1,0,0.5,336
14,297,Target,1,1,1,1,380
14,298,F2,0,1,0,0.5,350
14,299,F1,0,1,0,0.75,385
14,300,Target,1,1,1,1,375
14,301,F3,0,1,0,0.25,362
14,302,Target,1,1,1,1,364
14,303,Target,0,0,1,1,379
14,304,F2,0,1,0,0.5,316
14,305,F2,0,1,0,0.5,320
14,306,F3,0,1,0,0.25,342
14,307,Target,1,1,1,1,361
14,308,F3,0,1,0,0.25,351
14,309,F3,0,1,0,0.25,318
14,310,F3,0,1,0,0.25,381
14,311,F1,0,1,0,0.75,359
14,312,F2,0,1,0,0.5,333
15,1,Target,1,1,1,1,391
15,2,F1,0,1,0,0.75,392
15,3,F3,1,0,0,0.25,393
15,4,Target,1,1,1,1,394
15,5,F2,1,0,0,0.5,395
15,6,F1,1,0,0,0.75,396
15,7,F1,1,0,0,0.75,397
15,8,F3,0,1,0,0.25,398
15,9,F1,1,0,0,0.75,394
15,10,Target,1,1,1,1,399
15,11,F3,0,1,0,0.25,400
15,12,Target,1,1,1,1,397
15,13,F3,1,0,0,0.25,401
15,14,F2,0,1,0,0.5,402
15,15,F2,1,0,0,0.5,403
15,16,F3,1,0,0,0.25,404
15,17,F1,0,1,0,0.75,405
15,18,Target,1,1,1,1,406
15,19,F1,0,1,0,0.75,402
15,20,Target,1,1,1,1,407
15,21,F3,1,0,0,0.25,408
15,22,F1,1,0,0,0.75,409
15,23,F2,1,0,0,0.5,410
15,24,F1,1,0,0,0.75,401
15,25,F2,1,0,0,0.5,394
15,26,Target,1,1,1,1,411
15,27,F2,1,0,0,0.5,412
15,28,F3,1,0,0,0.25,413
15,29,F2,0,1,0,0.5,414
15,30,F2,1,0,0,0.5,391
15,31,Target,0,0,1,1,415
15,32,F3,0,1,0,0.25,416
15,33,F3,0,1,0,0.25,417
15,34,Target,1,1,1,1,416
15,35,F1,1,0,0,0.75,418
15,36,F3,0,1,0,0.25,397
15,37,F3,0,1,0,0.25,419
15,38,Target,0,0,1,1,420
15,39,F1,1,0,0,0.75,421
15,40,F3,0,1,0,0.25,422
15,41,F3,0,1,0,0.25,423
15,42,F2,0,1,0,0.5,400
15,43,Target,0,0,1,1,424
15,44,F1,0,1,0,0.75,425
15,45,Target,1,1,1,1,426
15,46,F3,1,0,0,0.25,427
15,47,F2,1,0,0,0.5,401
15,48,F1,1,0,0,0.75,408
15,49,F3,0,1,0,0.25,428
15,50,F3,0,1,0,0.25,429
15,51,F2,1,0,0,0.5,430
15,52,F1,0,1,0,0.75,422
15,53,F2,0,1,0,0.5,404
15,54,F3,0,1,0,0.25,431
15,55,F2,1,0,0,0.5,432
15,56,Target,1,1,1,1,419
15,57,Target,1,1,1,1,433
15,58,F2,0,1,0,0.5,434
15,59,F2,0,1,0,0.5,435
15,60,F3,0,1,0,0.25,436
15,61,F1,1,0,0,0.75,427
15,62,F2,1,0,0,0.5,426
15,63,F1,0,1,0,0.75,437
15,64,F2,1,0,0,0.5,438
15,65,F1,0,1,0,0.75,439
15,66,F1,0,1,0,0.75,412
15,67,F1,1,0,0,0.75,393
15,68,F1,1,0,0,0.75,410
15,69,F3,1,0,0,0.25,440
15,70,Target,0,0,1,1,441
15,71,F1,1,0,0,0.75,442
15,72,F2,0,1,0,0.5,443
15,73,Target,1,1,1,1,412
15,74,F1,0,1,0,0.75,429
15,75,F3,0,1,0,0.25,410
15,76,Target,1,1,1,1,410
15,77,F2,1,0,0,0.5,392
15,78,F2,0,1,0,0.5,444
15,79,F2,1,0,0,0.5,423
15,80,F2,1,0,0,0.5,431
15,81,F3,1,0,0,0.25,395
15,82,F3,1,0,0,0.25,414
15,83,Target,1,1,1,1,414
15,84,F1,0,1,0,0.75,445
15,85,Target,0,0,1,1,446
15,86,Target,1,1,1,1,442
15,87,F1,0,1,0,0.75,413
15,88,F1,0,1,0,0.75,432
15,89,F1,1,0,0,0.75,400
15,90,Target,1,1,1,1,447
15,91,F1,0,1,0,0.75,448
15,92,F2,1,0,0,0.5,413
15,93,F1,1,0,0,0.75,444
15,94,F2,1,0,0,0.5,396
15,95,Target,0,0,1,1,398
15,96,F1,1,0,0,0.75,449
15,97,F2,1,0,0,0.5,450
15,98,F3,1,0,0,0.25,441
15,99,Target,0,0,1,1,435
15,100,Target,1,1,1,1,423
15,101,F1,1,0,0,0.75,451
15,102,F3,1,0,0,0.25,443
15,103,F3,0,1,0,0.25,415
15,104,F2,0,1,0,0.5,397
15,105,F1,1,0,0,0.75,435
15,106,F3,0,1,0,0.25,452
15,107,F1,1,0,0,0.75,419
15,108,F2,1,0,0,0.5,420
15,109,F2,0,1,0,0.5,422
15,110,Target,1,1,1,1,395
15,111,F3,1,0,0,0.25,403
15,112,F3,0,1,0,0.25,453
15,113,F1,1,0,0,0.75,403
15,114,F3,0,1,0,0.25,411
15,115,F3,1,0,0,0.25,454
15,116,F3,0,1,0,0.25,455
15,117,Target,0,0,1,1,454
15,118,F3,1,0,0,0.25,438
15,119,F3,1,0,0,0.25,407
15,120,F3,0,1,0,0.25,456
15,121,Target,0,0,1,1,443
15,122,F1,1,0,0,0.75,395
15,123,Target,1,1,1,1,404
15,124,F3,0,1,0,0.25,412
15,125,F2,0,1,0,0.5,447
15,126,F2,1,0,0,0.5,457
15,127,F3,0,1,0,0.25,405
15,128,F2,1,0,0,0.5,393
15,129,F3,1,0,0,0.25,442
15,130,Target,1,1,1,1,396
15,131,F1,1,0,0,0.75,440
15,132,Target,1,1,1,1,409
15,133,F2,0,1,0,0.5,440
15,134,Target,1,1,1,1,430
15,135,Target,1,1,1,1,413
15,136,F2,1,0,0,0.5,458
15,137,Target,1,1,1,1,418
15,138,F1,1,0,0,0.75,454
15,139,F2,1,0,0,0.5,428
15,140,F3,0,1,0,0.25,420
15,141,F2,0,1,0,0.5,424
15,142,F3,0,1,0,0.25,459
15,143,Target,0,0,1,1,458
15,144,Target,1,1,1,1,444
15,145,Target,1,1,1,1,440
15,146,F2,1,0,0,0.5,407
15,147,Target,1,1,1,1,428
15,148,F2,0,1,0,0.5,460
15,149,F3,0,1,0,0.25,437
15,150,F2,0,1,0,0.5,461
15,151,F2,0,1,0,0.5,429
15,152,F1,1,0,0,0.75,460
15,153,Target,1,1,1,1,460
15,154,F1,1,0,0,0.75,398
15,155,F1,1,0,0,0.75,452
15,156,F1,1,0,0,0.75,457
15,157,F2,1,0,0,0.5,451
15,158,F3,0,1,0,0.25,462
15,159,F3,0,1,0,0.25,430
15,160,F3,0,1,0,0.25,399
15,161,F1,1,0,0,0.75,453
15,162,F1,1,0,0,0.75,456
15,163,F2,0,1,0,0.5,454
15,164,F3,0,1,0,0.25,449
15,165,F3,0,1,0,0.25,460
15,166,F1,1,0,0,0.75,423
15,167,F2,0,1,0,0.5,399
15,168,Target,1,1,1,1,432
15,169,Target,1,1,1,1,431
15,170,F3,1,0,0,0.25,406
15,171,Target,0,0,1,1,437
15,172,F1,0,1,0,0.75,436
15,173,F3,1,0,0,0.25,391
15,174,Target,0,0,1,1,449
15,175,Target,0,0,1,1,455
15,176,F2,0,1,0,0.5,436
15,177,Target,0,0,1,1,463
15,178,Target,1,1,1,1,464
15,179,F2,0,1,0,0.5,406
15,180,F1,1,0,0,0.75,404
15,181,F2,0,1,0,0.5,449
15,182,F2,0,1,0,0.5,415
15,183,Target,0,0,1,1,439
15,184,Target,1,1,1,1,425
15,185,F3,1,0,0,0.25,402
15,186,F1,0,1,0,0.75,441
15,187,F1,0,1,0,0.75,428
15,188,F2,0,1,0,0.5,408
15,189,F2,1,0,0,0.5,398
15,190,F3,0,1,0,0.25,444
15,191,F1,1,0,0,0.75,391
15,192,F3,1,0,0,0.25,426
15,193,F3,0,1,0,0.25,465
15,194,Target,1,1,1,1,429
15,195,F1,1,0,0,0.75,414
15,196,F1,0,1,0,0.75,462
15,197,F3,0,1,0,0.25,448
15,198,F2,0,1,0,0.5,437
15,199,F3,0,1,0,0.25,450
15,200,F1,1,0,0,0.75,399
15,201,Target,1,1,1,1,461
15,202,F2,1,0,0,0.5,425
15,203,F2,1,0,0,0.5,466
15,204,F3,1,0,0,0.25,396
15,205,F2,0,1,0,0.5,421
15,206,F3,1,0,0,0.25,418
15,207,F1,1,0,0,0.75,467
15,208,F3,0,1,0,0.25,434
15,209,F3,0,1,0,0.25,457
15,210,F3,0,1,0,0.25,458
15,211,F2,1,0,0,0.5,442
15,212,F3,0,1,0,0.25,446
15,213,F3,1,0,0,0.25,467
15,214,F1,0,1,0,0.75,446
15,215,F2,1,0,0,0.5,465
15,216,F3,0,1,0,0.25,433
15,217,F2,0,1,0,0.5,467
15,218,F1,0,1,0,0.75,455
15,219,F2,0,1,0,0.5,448
15,220,F2,0,1,0,0.5,439
15,221,F3,0,1,0,0.25,466
15,222,Target,1,1,1,1,408
15,223,Target,0,0,1,1,436
15,224,F3,0,1,0,0.25,447
15,225,F3,0,1,0,0.25,392
15,226,F2,1,0,0,0.5,411
15,227,F1,0,1,0,0.75,466
15,228,Target,0,0,1,1,445
15,229,F2,0,1,0,0.5,464
15,230,Target,1,1,1,1,393
15,231,F3,0,1,0,0.25,432
15,232,F1,0,1,0,0.75,420
15,233,F1,1,0,0,0.75,433
15,234,F1,1,0,0,0.75,461
15,235,F1,0,1,0,0.75,430
15,236,F1,0,1,0,0.75,465
15,237,F1,1,0,0,0.75,406
15,238,F2,1,0,0,0.5,453
15,239,F1,1,0,0,0.75,431
15,240,F3,1,0,0,0.25,464
15,241,F2,0,1,0,0.5,417
15,242,Target,0,0,1,1,417
15,243,Target,0,0,1,1,468
15,244,Target,1,1,1,1,452
15,245,F1,0,1,0,0.75,434
15,246,F1,1,0,0,0.75,447
15,247,Target,1,1,1,1,400
15,248,Target,1,1,1,1,457
15,249,F1,0,1,0,0.75,411
15,250,F1,1,0,0,0.75,459
15,251,Target,1,1,1,1,438
15,252,F3,1,0,0,0.25,463
15,253,F2,1,0,0,0.5,427
15,254,F2,0,1,0,0.5,455
15,255,Target,1,1,1,1,405
15,256,F1,1,0,0,0.75,415
15,257,F2,1,0,0,0.5,433
15,258,F2,0,1,0,0.5,445
15,259,F1,0,1,0,0.75,438
15,260,Target,0,0,1,1,422
15,261,Target,1,1,1,1,421
15,262,F2,1,0,0,0.5,463
15,263,F2,0,1,0,0.5,468
15,264,F1,1,0,0,0.75,426
15,265,Target,1,1,1,1,434
15,266,F2,1,0,0,0.5,409
15,267,F1,1,0,0,0.75,464
15,268,F1,0,1,0,0.75,468
15,269,F2,0,1,0,0.5,459
15,270,Target,1,1,1,1,450
15,271,Target,1,1,1,1,448
15,272,Target,1,1,1,1,467
15,273,Target,1,1,1,1,401
15,274,F3,1,0,0,0.25,461
15,275,Target,1,1,1,1,456
15,276,F2,1,0,0,0.5,416
15,277,Target,0,0,1,1,392
15,278,F3,0,1,0,0.25,435
15,279,F3,1,0,0,0.25,394
15,280,F3,0,1,0,0.25,409
15,281,Target,1,1,1,1,427
15,282,F2,0,1,0,0.5,462
15,283,F1,0,1,0,0.75,450
15,284,F2,1,0,0,0.5,405
15,285,F3,0,1,0,0.25,468
15,286,F3,1,0,0,0.25,425
15,287,F2,1,0,0,0.5,452
15,288,F1,1,0,0,0.75,407
15,289,F2,0,1,0,0.5,418
15,290,Target,1,1,1,1,466
15,291,Target,1,1,1,1,451
15,292,F3,1,0,0,0.25,445
15,293,Target,1,1,1,1,402
15,294,Target,1,1,1,1,459
15,295,F1,0,1,0,0.75,463
15,296,F3,0,1,0,0.25,424
15,297,Target,1,1,1,1,403
15,298,F1,1,0,0,0.75,443
15,299,F2,0,1,0,0.5,441
15,300,Target,0,0,1,1,462
15,301,F3,0,1,0,0.25,421
15,302,F2,0,1,0,0.5,419
15,303,F3,0,1,0,0.25,439
15,304,F1,0,1,0,0.75,458
15,305,F2,0,1,0,0.5,456
15,306,F3,1,0,0,0.25,451
15,307,F1,0,1,0,0.75,416
15,308,F2,0,1,0,0.5,446
15,309,Target,1,1,1,1,465
15,310,Target,1,1,1,1,453
15,311,F1,0,1,0,0.75,417
15,312,F1,0,1,0,0.75,424
16,1,F3,1,0,0,0.25,469
16,2,F1,1,0,0,0.75,470
16,3,F2,0,1,0,0.5,471
16,4,F2,1,0,0,0.5,472
16,5,F1,1,0,0,0.75,473
16,6,Target,1,1,1,1,469
16,7,F2,0,1,0,0.5,474
16,8,F3,0,1,0,0.25,475
16,9,F1,1,0,0,0.75,476
16,10,F1,1,0,0,0.75,474
16,11,Target,1,1,1,1,477
16,12,F1,1,0,0,0.75,478
16,13,F2,1,0,0,0.5,479
16,14,F3,0,1,0,0.25,480
16,15,F2,1,0,0,0.5,481
16,16,Target,1,1,1,1,482
16,17,F2,1,0,0,0.5,483
16,18,Target,1,1,1,1,484
16,19,F2,0,1,0,0.5,469
16,20,F3,0,1,0,0.25,485
16,21,F3,0,1,0,0.25,486
16,22,F3,0,1,0,0.25,483
16,23,F2,0,1,0,0.5,487
16,24,F1,0,1,0,0.75,488
16,25,F3,0,1,0,0.25,473
16,26,F3,0,1,0,0.25,471
16,27,F2,0,1,0,0.5,489
16,28,F3,0,1,0,0.25,470
16,29,F3,0,1,0,0.25,490
16,30,F3,0,1,0,0.25,491
16,31,Target,0,0,1,1,492
16,32,F2,0,1,0,0.5,493
16,33,F1,1,0,0,0.75,494
16,34,F3,0,1,0,0.25,495
16,35,F3,0,1,0,0.25,496
16,36,F3,0,1,0,0.25,497
16,37,F1,0,1,0,0.75,498
16,38,F1,0,1,0,0.75,485
16,39,F1,0,1,0,0.75,499
16,40,Target,1,1,1,1,500
16,41,Target,1,1,1,1,501
16,42,Target,1,1,1,1,502
16,43,F2,0,1,0,0.5,503
16,44,F1,0,1,0,0.75,504
16,45,F1,1,0,0,0.75,505
16,46,Target,1,1,1,1,506
16,47,Target,1,1,1,1,507
16,48,F2,1,0,0,0.5,508
16,49,F2,0,1,0,0.5,509
16,50,F2,0,1,0,0.5,501
16,51,F2,1,0,0,0.5,510
16,52,F3,1,0,0,0.25,511
16,53,F1,0,1,0,0.75,507
16,54,F1,1,0,0,0.75,509
16,55,Target,1,1,1,1,510
16,56,F1,0,1,0,0.75,512
16,57,Target,1,1,1,1,480
16,58,F2,0,1,0,0.5,484
16,59,F3,1,0,0,0.25,479
16,60,F3,0,1,0,0.25,513
16,61,Target,1,1,1,1,494
16,62,Target,1,1,1,1,514
16,63,Target,1,1,1,1,471
16,64,F1,1,0,0,0.75,515
16,65,F2,0,1,0,0.5,516
16,66,F1,0,1,0,0.75,469
16,67,F2,0,1,0,0.5,517
16,68,F1,1,0,0,0.75,518
16,69,F2,1,0,0,0.5,519
16,70,Target,1,1,1,1,520
16,71,F3,1,0,0,0.25,477
16,72,F1,1,0,0,0.75,516
16,73,Target,1,1,1,1,521
16,74,Target,1,1,1,1,488
16,75,F1,1,0,0,0.75,522
16,76,F1,1,0,0,0.75,520
16,77,F2,1,0,0,0.5,490
16,78,F1,1,0,0,0.75,523
16,79,F3,0,1,0,0.25,472
16,80,F2,0,1,0,0.5,494
16,81,F3,1,0,0,0.25,524
16,82,F3,0,1,0,0.25,494
16,83,Target,1,1,1,1,523
16,84,F2,1,0,0,0.5,525
16,85,F2,1,0,0,0.5,504
16,86,F1,1,0,0,0.75,479
16,87,Target,1,1,1,1,499
16,88,F3,0,1,0,0.25,521
16,89,F2,0,1,0,0.5,526
16,90,Target,1,1,1,1,527
16,91,F3,0,1,0,0.25,515
16,92,F2,0,1,0,0.5,528
16,93,F2,0,1,0,0.5,513
16,94,Target,1,1,1,1,489
16,95,F3,0,1,0,0.25,499
16,96,Target,1,1,1,1,529
16,97,Target,1,1,1,1,530
16,98,F2,0,1,0,0.5,512
16,99,F3,1,0,0,0.25,508
16,100,F3,0,1,0,0.25,531
16,101,F2,1,0,0,0.5,475
16,102,F1,0,1,0,0.75,525
16,103,Target,0,0,1,1,532
16,104,F2,0,1,0,0.5,496
16,105,Target,0,0,1,1,497
16,106,F3,0,1,0,0.25,509
16,107,F1,0,1,0,0.75,533
16,108,F1,0,1,0,0.75,524
16,109,F1,1,0,0,0.75,500
16,110,Target,1,1,1,1,504
16,111,F3,0,1,0,0.25,534
16,112,F1,0,1,0,0.75,527
16,113,F1,1,0,0,0.75,517
16,114,F3,0,1,0,0.25,527
16,115,F1,0,1,0,0.75,535
16,116,Target,1,1,1,1,519
16,117,Target,1,1,1,1,483
16,118,Target,1,1,1,1,536
16,119,F1,0,1,0,0.75,521
16,120,F1,0,1,0,0.75,532
16,121,F1,0,1,0,0.75,537
16,122,Target,1,1,1,1,538
16,123,Target,0,0,1,1,528
16,124,F1,0,1,0,0.75,513
16,125,F2,0,1,0,0.5,539
16,126,F1,0,1,0,0.75,539
16,127,Target,0,0,1,1,479
16,128,F1,0,1,0,0.75,540
16,129,F1,0,1,0,0.75,487
16,130,Target,1,1,1,1,534
16,131,F2,0,1,0,0.5,529
16,132,Target,1,1,1,1,509
16,133,F3,0,1,0,0.25,500
16,134,F1,0,1,0,0.75,514
16,135,Target,0,0,1,1,540
16,136,Target,1,1,1,1,475
16,137,F1,1,0,0,0.75,536
16,138,F3,0,1,0,0.25,536
16,139,F1,0,1,0,0.75,506
16,140,F3,0,1,0,0.25,506
16,141,F3,0,1,0,0.25,482
16,142,F2,0,1,0,0.5,470
16,143,Target,1,1,1,1,476
16,144,F1,0,1,0,0.75,508
16,145,F3,0,1,0,0.25,525
16,146,F1,1,0,0,0.75,484
16,147,F2,0,1,0,0.5,497
16,148,Target,1,1,1,1,491
16,149,F3,0,1,0,0.25,484
16,150,Target,0,0,1,1,508
16,151,F3,0,1,0,0.25,518
16,152,F3,0,1,0,0.25,537
16,153,Target,1,1,1,1,498
16,154,F2,0,1,0,0.5,521
16,155,F2,1,0,0,0.5,514
16,156,F1,0,1,0,0.75,519
16,157,Target,1,1,1,1,487
16,158,Target,1,1,1,1,478
16,159,F2,0,1,0,0.5,492
16,160,F1,0,1,0,0.75,541
16,161,F3,0,1,0,0.25,523
16,162,F1,0,1,0,0.75,531
16,163,F1,1,0,0,0.75,491
16,164,F1,1,0,0,0.75,501
16,165,Target,1,1,1,1,470
16,166,Target,0,0,1,1,486
16,167,Target,1,1,1,1,516
16,168,F2,0,1,0,0.5,535
16,169,F3,0,1,0,0.25,528
16,170,Target,1,1,1,1,493
16,171,F1,0,1,0,0.75,475
16,172,F1,0,1,0,0.75,492
16,173,F2,0,1,0,0.5,488
16,174,F1,0,1,0,0.75,502
16,175,F1,1,0,0,0.75,471
16,176,F2,1,0,0,0.5,518
16,177,F3,0,1,0,0.25,516
16,178,F2,0,1,0,0.5,478
16,179,F3,0,1,0,0.25,520
16,180,F3,0,1,0,0.25,505
16,181,F1,1,0,0,0.75,497
16,182,F1,1,0,0,0.75,496
16,183,F3,0,1,0,0.25,541
16,184,F3,0,1,0,0.25,503
16,185,F3,0,1,0,0.25,512
16,186,F2,1,0,0,0.5,530
16,187,F2,0,1,0,0.5,542
16,188,Target,0,0,1,1,522
16,189,Target,1,1,1,1,496
16,190,F3,0,1,0,0.25,519
16,191,F2,0,1,0,0.5,543
16,192,F3,0,1,0,0.25,502
16,193,F1,1,0,0,0.75,481
16,194,F1,1,0,0,0.75,480
16,195,F2,0,1,0,0.5,522
16,196,F2,0,1,0,0.5,524
16,197,Target,0,0,1,1,537
16,198,F3,1,0,0,0.25,544
16,199,F2,0,1,0,0.5,498
16,200,F2,1,0,0,0.5,473
16,201,Target,0,0,1,1,490
16,202,F1,1,0,0,0.75,534
16,203,F2,0,1,0,0.5,541
16,204,F2,0,1,0,0.5,476
16,205,F1,1,0,0,0.75,545
16,206,Target,1,1,1,1,539
16,207,F2,0,1,0,0.5,505
16,208,F2,0,1,0,0.5,507
16,209,F2,0,1,0,0.5,495
16,210,F2,0,1,0,0.5,527
16,211,F1,1,0,0,0.75,538
16,212,F1,1,0,0,0.75,486
16,213,Target,1,1,1,1,518
16,214,Target,0,0,1,1,472
16,215,F1,0,1,0,0.75,530
16,216,F2,0,1,0,0.5,482
16,217,F3,0,1,0,0.25,526
16,218,F3,0,1,0,0.25,498
16,219,F3,0,1,0,0.25,530
16,220,Target,0,0,1,1,481
16,221,F3,0,1,0,0.25,478
16,222,F3,0,1,0,0.25,546
16,223,F3,0,1,0,0.25,540
16,224,F1,0,1,0,0.75,482
16,225,F2,0,1,0,0.5,515
16,226,F3,0,1,0,0.25,535
16,227,Target,1,1,1,1,511
16,228,F1,0,1,0,0.75,472
16,229,F3,0,1,0,0.25,529
16,230,F2,0,1,0,0.5,506
16,231,Target,0,0,1,1,526
16,232,Target,1,1,1,1,546
16,233,F3,0,1,0,0.25,533
16,234,F2,0,1,0,0.5,500
16,235,F1,0,1,0,0.75,510
16,236,Target,1,1,1,1,531
16,237,F3,0,1,0,0.25,517
16,238,F2,0,1,0,0.5,536
16,239,Target,0,0,1,1,473
16,240,F2,0,1,0,0.5,532
16,241,F1,1,0,0,0.75,483
16,242,F1,1,0,0,0.75,546
16,243,F2,1,0,0,0.5,523
16,244,F1,1,0,0,0.75,544
16,245,F2,1,0,0,0.5,546
16,246,F3,0,1,0,0.25,522
16,247,Target,1,1,1,1,533
16,248,F1,1,0,0,0.75,490
16,249,Target,1,1,1,1,517
16,250,F1,1,0,0,0.75,495
16,251,F1,0,1,0,0.75,528
16,252,F3,0,1,0,0.25,510
16,253,F1,1,0,0,0.75,543
16,254,F2,0,1,0,0.5,511
16,255,F3,0,1,0,0.25,507
16,256,F3,0,1,0,0.25,514
16,257,F3,0,1,0,0.25,532
16,258,F2,0,1,0,0.5,533
16,259,Target,0,0,1,1,545
16,260,F2,0,1,0,0.5,520
16,261,F3,0,1,0,0.25,504
16,262,F3,0,1,0,0.25,493
16,263,F3,0,1,0,0.25,545
16,264,Target,0,0,1,1,525
16,265,Target,1,1,1,1,543
16,266,Target,1,1,1,1,542
16,267,F2,1,0,0,0.5,499
16,268,Target,1,1,1,1,535
16,269,F1,1,0,0,0.75,511
16,270,F3,0,1,0,0.25,476
16,271,F3,0,1,0,0.25,538
16,272,F3,0,1,0,0.25,488
16,273,F3,0,1,0,0.25,542
16,274,Target,1,1,1,1,503
16,275,Target,1,1,1,1,515
16,276,F2,1,0,0,0.5,486
16,277,F1,1,0,0,0.75,489
16,278,Target,0,0,1,1,495
16,279,F3,0,1,0,0.25,489
16,280,F3,0,1,0,0.25,501
16,281,F2,0,1,0,0.5,531
16,282,F1,0,1,0,0.75,503
16,283,Target,1,1,1,1,541
16,284,Target,1,1,1,1,544
16,285,F2,0,1,0,0.5,538
16,286,F1,0,1,0,0.75,526
16,287,F1,0,1,0,0.75,542
16,288,F3,0,1,0,0.25,474
16,289,F2,1,0,0,0.5,485
16,290,F3,0,1,0,0.25,487
16,291,F1,1,0,0,0.75,477
16,292,F3,0,1,0,0.25,481
16,293,Target,1,1,1,1,474
16,294,F3,0,1,0,0.25,539
16,295,F2,0,1,0,0.5,545
16,296,F1,1,0,0,0.75,529
16,297,F2,1,0,0,0.5,491
16,298,Target,1,1,1,1,512
16,299,F3,0,1,0,0.25,543
16,300,Target,1,1,1,1,505
16,301,F2,1,0,0,0.5,534
16,302,F3,0,1,0,0.25,492
16,303,F2,0,1,0,0.5,537
16,304,F2,0,1,0,0.5,544
16,305,F2,0,1,0,0.5,477
16,306,F1,0,1,0,0.75,493
16,307,Target,1,1,1,1,485
16,308,F2,0,1,0,0.5,502
16,309,F2,0,1,0,0.5,540
16,310,Target,1,1,1,1,513
16,311,F2,0,1,0,0.5,480
16,312,Target,0,0,1,1,524
17,1,F2,1,0,0,0.5,547
17,2,F1,1,0,0,0.75,548
17,3,F3,0,1,0,0.25,549
17,4,F3,1,0,0,0.25,550
17,5,F1,1,0,0,0.75,551
17,6,F1,1,0,0,0.75,552
17,7,F3,1,0,0,0.25,553
17,8,Target,1,1,1,1,554
17,9,Target,1,1,1,1,555
17,10,Target,1,1,1,1,556
17,11,F1,1,0,0,0.75,557
17,12,F1,1,0,0,0.75,558
17,13,Target,1,1,1,1,547
17,14,F3,1,0,0,0.25,559
17,15,Target,1,1,1,1,560
17,16,Target,1,1,1,1,561
17,17,F3,1,0,0,0.25,562
17,18,F3,1,0,0,0.25,563
17,19,F2,1,0,0,0.5,564
17,20,F3,0,1,0,0.25,565
17,21,Target,1,1,1,1,566
17,22,F3,0,1,0,0.25,567
17,23,Target,1,1,1,1,568
17,24,F2,1,0,0,0.5,553
17,25,Target,1,1,1,1,569
17,26,F3,1,0,0,0.25,570
17,27,F3,1,0,0,0.25,571
17,28,F3,1,0,0,0.25,554
17,29,F1,1,0,0,0.75,572
17,30,F2,1,0,0,0.5,558
17,31,F2,1,0,0,0.5,563
17,32,F1,1,0,0,0.75,573
17,33,Target,1,1,1,1,574
17,34,F2,0,1,0,0.5,575
17,35,F2,1,0,0,0.5,576
17,36,F2,0,1,0,0.5,577
17,37,Target,1,1,1,1,578
17,38,F1,1,0,0,0.75,579
17,39,F2,0,1,0,0.5,560
17,40,F3,0,1,0,0.25,580
17,41,F1,0,1,0,0.75,581
17,42,Target,1,1,1,1,582
17,43,F1,1,0,0,0.75,549
17,44,F1,1,0,0,0.75,583
17,45,F3,1,0,0,0.25,578
17,46,F1,1,0,0,0.75,584
17,47,F1,1,0,0,0.75,585
17,48,F2,0,1,0,0.5,586
17,49,F1,1,0,0,0.75,554
17,50,F1,1,0,0,0.75,587
17,51,Target,1,1,1,1,550
17,52,F2,1,0,0,0.5,588
17,53,Target,1,1,1,1,553
17,54,F2,1,0,0,0.5,585
17,55,F3,1,0,0,0.25,569
17,56,F1,1,0,0,0.75,569
17,57,F3,0,1,0,0.25,589
17,58,Target,1,1,1,1,558
17,59,F3,0,1,0,0.25,590
17,60,F3,0,1,0,0.25,591
17,61,F1,1,0,0,0.75,592
17,62,F2,1,0,0,0.5,593
17,63,F2,0,1,0,0.5,549
17,64,Target,1,1,1,1,552
17,65,Target,1,1,1,1,548
17,66,F2,0,1,0,0.5,548
17,67,F2,1,0,0,0.5,594
17,68,F2,1,0,0,0.5,551
17,69,Target,1,1,1,1,595
17,70,F2,1,0,0,0.5,592
17,71,F1,0,1,0,0.75,553
17,72,F1,0,1,0,0.75,596
17,73,F2,1,0,0,0.5,555
17,74,F1,1,0,0,0.75,550
17,75,Target,1,1,1,1,563
17,76,Target,1,1,1,1,597
17,77,F3,0,1,0,0.25,566
17,78,F3,1,0,0,0.25,598
17,79,F2,1,0,0,0.5,580
17,80,Target,1,1,1,1,599
17,81,F3,0,1,0,0.25,552
17,82,Target,1,1,1,1,600
17,83,F3,0,1,0,0.25,582
17,84,Target,1,1,1,1,567
17,85,Target,1,1,1,1,601
17,86,F2,0,1,0,0.5,590
17,87,F1,0,1,0,0.75,577
17,88,F1,1,0,0,0.75,602
17,89,F1,1,0,0,0.75,567
17,90,F1,1,0,0,0.75,603
17,91,Target,1,1,1,1,575
17,92,F3,0,1,0,0.25,556
17,93,Target,1,1,1,1,551
17,94,F2,1,0,0,0.5,604
17,95,F1,1,0,0,0.75,559
17,96,F2,0,1,0,0.5,556
17,97,F1,1,0,0,0.75,570
17,98,Target,1,1,1,1,570
17,99,F3,1,0,0,0.25,555
17,100,Target,1,1,1,1,564
17,101,F3,1,0,0,0.25,603
17,102,Target,1,1,1,1,605
17,103,F1,1,0,0,0.75,605
17,104,F2,0,1,0,0.5,567
17,105,F1,1,0,0,0.75,606
17,106,F1,1,0,0,0.75,607
17,107,F2,0,1,0,0.5,597
17,108,Target,1,1,1,1,583
17,109,F3,0,1,0,0.25,608
17,110,F3,0,1,0,0.25,577
17,111,F2,0,1,0,0.5,603
17,112,F2,0,1,0,0.5,581
17,113,F3,1,0,0,0.25,609
17,114,Target,1,1,1,1,610
17,115,Target,1,1,1,1,611
17,116,F3,0,1,0,0.25,612
17,117,Target,1,1,1,1,613
17,118,F3,0,1,0,0.25,607
17,119,F1,1,0,0,0.75,556
17,120,F2,1,0,0,0.5,571
17,121,F1,1,0,0,0.75,598
17,122,F2,1,0,0,0.5,574
17,123,Target,1,1,1,1,606
17,124,F1,0,1,0,0.75,614
17,125,Target,1,1,1,1,591
17,126,F3,0,1,0,0.25,575
17,127,Target,1,1,1,1,615
17,128,F3,1,0,0,0.25,610
17,129,Target,1,1,1,1,576
17,130,F1,1,0,0,0.75,575
17,131,Target,1,1,1,1,616
17,132,F1,1,0,0,0.75,594
17,133,Target,1,1,1,1,617
17,134,F3,1,0,0,0.25,618
17,135,F2,0,1,0,0.5,596
17,136,F2,0,1,0,0.5,608
17,137,F3,1,0,0,0.25,588
17,138,F3,0,1,0,0.25,558
17,139,F2,1,0,0,0.5,599
17,140,Target,1,1,1,1,571
17,141,F2,0,1,0,0.5,612
17,142,F2,0,1,0,0.5,616
17,143,F3,1,0,0,0.25,619
17,144,F3,0,1,0,0.25,604
17,145,F2,1,0,0,0.5,557
17,146,Target,1,1,1,1,609
17,147,Target,1,1,1,1,587
17,148,F2,1,0,0,0.5,550
17,149,Target,1,1,1,1,557
17,150,Target,1,1,1,1,618
17,151,Target,1,1,1,1,589
17,152,F1,0,1,0,0.75,617
17,153,F1,1,0,0,0.75,565
17,154,F1,1,0,0,0.75,576
17,155,F1,1,0,0,0.75,620
17,156,F2,0,1,0,0.5,613
17,157,F3,1,0,0,0.25,557
17,158,F3,0,1,0,0.25,615
17,159,F3,0,1,0,0.25,548
17,160,F3,0,1,0,0.25,573
17,161,Target,1,1,1,1,592
17,162,F2,1,0,0,0.5,569
17,163,F2,1,0,0,0.5,582
17,164,F3,1,0,0,0.25,606
17,165,F2,1,0,0,0.5,591
17,166,F3,0,1,0,0.25,564
17,167,F3,0,1,0,0.25,600
17,168,F3,1,0,0,0.25,621
17,169,F3,0,1,0,0.25,620
17,170,F1,1,0,0,0.75,600
17,171,F1,1,0,0,0.75,586
17,172,Target,1,1,1,1,622
17,173,F1,1,0,0,0.75,580
17,174,F3,0,1,0,0.25,585
17,175,F3,0,1,0,0.25,594
17,176,F2,1,0,0,0.5,554
17,177,Target,0,0,1,1,614
17,178,Target,1,1,1,1,590
17,179,F1,1,0,0,0.75,615
17,180,F1,1,0,0,0.75,609
17,181,F1,1,0,0,0.75,597
17,182,F2,1,0,0,0.5,609
17,183,F1,1,0,0,0.75,562
17,184,F1,1,0,0,0.75,599
17,185,F2,0,1,0,0.5,607
17,186,F2,1,0,0,0.5,572
17,187,F1,1,0,0,0.75,619
17,188,F1,0,1,0,0.75,608
17,189,F1,0,1,0,0.75,601
17,190,F3,0,1,0,0.25,581
17,191,F3,1,0,0,0.25,584
17,192,F2,0,1,0,0.5,589
17,193,F2,0,1,0,0.5,552
17,194,Target,1,1,1,1,588
17,195,F3,0,1,0,0.25,616
17,196,Target,1,1,1,1,573
17,197,F3,0,1,0,0.25,614
17,198,Target,1,1,1,1,620
17,199,F1,0,1,0,0.75,622
17,200,Target,0,0,1,1,608
17,201,F1,1,0,0,0.75,595
17,202,F2,1,0,0,0.5,615
17,203,F3,0,1,0,0.25,586
17,204,F3,0,1,0,0.25,596
17,205,F2,1,0,0,0.5,621
17,206,F1,0,1,0,0.75,618
17,207,F2,0,1,0,0.5,617
17,208,F2,1,0,0,0.5,566
17,209,F3,0,1,0,0.25,613
17,210,F3,0,1,0,0.25,622
17,211,F1,0,1,0,0.75,621
17,212,F1,0,1,0,0.75,589
17,213,F2,0,1,0,0.5,565
17,214,F3,0,1,0,0.25,597
17,215,F3,0,1,0,0.25,572
17,216,F3,1,0,0,0.25,602
17,217,F3,0,1,0,0.25,617
17,218,F3,1,0,0,0.25,561
17,219,F3,0,1,0,0.25,551
17,220,F3,0,1,0,0.25,595
17,221,F3,1,0,0,0.25,587
17,222,Target,1,1,1,1,584
17,223,F3,1,0,0,0.25,592
17,224,F2,1,0,0,0.5,619
17,225,F2,1,0,0,0.5,610
17,226,F2,1,0,0,0.5,570
17,227,F1,1,0,0,0.75,623
17,228,Target,1,1,1,1,572
17,229,Target,1,1,1,1,612
17,230,Target,1,1,1,1,579
17,231,F1,1,0,0,0.75,582
17,232,F1,1,0,0,0.75,560
17,233,Target,1,1,1,1,624
17,234,F1,1,0,0,0.75,547
17,235,F1,1,0,0,0.75,564
17,236,F2,0,1,0,0.5,583
17,237,F2,0,1,0,0.5,573
17,238,F2,1,0,0,0.5,618
17,239,Target,1,1,1,1,593
17,240,F2,0,1,0,0.5,562
17,241,Target,0,0,1,1,581
17,242,F1,1,0,0,0.75,604
17,243,Target,1,1,1,1,586
17,244,F3,1,0,0,0.25,623
17,245,Target,0,0,1,1,607
17,246,Target,1,1,1,1,619
17,247,F3,1,0,0,0.25,611
17,248,F1,1,0,0,0.75,593
17,249,F3,1,0,0,0.25,624
17,250,F1,0,1,0,0.75,612
17,251,F2,1,0,0,0.5,584
17,252,F2,0,1,0,0.5,600
17,253,F3,1,0,0,0.25,593
17,254,Target,1,1,1,1,559
17,255,F3,1,0,0,0.25,579
17,256,Target,0,0,1,1,577
17,257,Target,1,1,1,1,603
17,258,F1,1,0,0,0.75,561
17,259,Target,1,1,1,1,565
17,260,F1,1,0,0,0.75,568
17,261,F2,1,0,0,0.5,605
17,262,F2,1,0,0,0.5,623
17,263,F3,1,0,0,0.25,560
17,264,F1,1,0,0,0.75,566
17,265,F2,1,0,0,0.5,598
17,266,F1,1,0,0,0.75,624
17,267,F2,0,1,0,0.5,620
17,268,F2,1,0,0,0.5,579
17,269,Target,1,1,1,1,585
17,270,F2,0,1,0,0.5,614
17,271,F2,0,1,0,0.5,602
17,272,F3,1,0,0,0.25,599
17,273,Target,1,1,1,1,596
17,274,F3,1,0,0,0.25,576
17,275,F2,1,0,0,0.5,568
17,276,F2,0,1,0,0.5,601
17,277,F1,0,1,0,0.75,613
17,278,F1,1,0,0,0.75,563
17,279,F1,1,0,0,0.75,610
17,280,F3,1,0,0,0.25,568
17,281,F1,1,0,0,0.75,578
17,282,Target,1,1,1,1,598
17,283,F2,1,0,0,0.5,559
17,284,F1,0,1,0,0.75,616
17,285,F2,0,1,0,0.5,587
17,286,F2,1,0,0,0.5,595
17,287,F1,1,0,0,0.75,555
17,288,Target,1,1,1,1,562
17,289,F3,1,0,0,0.25,547
17,290,Target,1,1,1,1,580
17,291,Target,1,1,1,1,623
17,292,Target,1,1,1,1,602
17,293,F3,0,1,0,0.25,574
17,294,F3,0,1,0,0.25,605
17,295,F1,1,0,0,0.75,611
17,296,F2,1,0,0,0.5,561
17,297,Target,1,1,1,1,604
17,298,F2,1,0,0,0.5,578
17,299,F1,0,1,0,0.75,591
17,300,F2,0,1,0,0.5,622
17,301,F2,1,0,0,0.5,624
17,302,F1,0,1,0,0.75,588
17,303,Target,1,1,1,1,594
17,304,F3,0,1,0,0.25,601
17,305,F3,0,1,0,0.25,583
17,306,Target,1,1,1,1,621
17,307,F2,1,0,0,0.5,606
17,308,F2,1,0,0,0.5,611
17,309,F1,1,0,0,0.75,571
17,310,F1,1,0,0,0.75,590
17,311,F1,1,0,0,0.75,574
17,312,Target,0,0,1,1,549
20,1,Target,1,1,1,1,703
20,2,F3,0,1,0,0.25,704
20,3,F3,1,0,0,0.25,705
20,4,F2,1,0,0,0.5,706
20,5,F3,1,0,0,0.25,707
20,6,F3,0,1,0,0.25,708
20,7,F2,0,1,0,0.5,709
20,8,F1,0,1,0,0.75,710
20,9,Target,1,1,1,1,711
20,10,Target,1,1,1,1,712
20,11,F1,1,0,0,0.75,713
20,12,Target,0,0,1,1,714
20,13,F2,0,1,0,0.5,715
20,14,Target,1,1,1,1,716
20,15,F3,0,1,0,0.25,717
20,16,F1,0,1,0,0.75,718
20,17,F1,1,0,0,0.75,719
20,18,F1,1,0,0,0.75,720
20,19,F3,0,1,0,0.25,721
20,20,F1,0,1,0,0.75,722
20,21,F1,0,1,0,0.75,723
20,22,Target,1,1,1,1,717
20,23,F2,0,1,0,0.5,724
20,24,F2,0,1,0,0.5,725
20,25,F1,1,0,0,0.75,726
20,26,F2,0,1,0,0.5,727
20,27,F3,1,0,0,0.25,726
20,28,Target,1,1,1,1,728
20,29,F1,0,1,0,0.75,729
20,30,Target,1,1,1,1,730
20,31,F2,1,0,0,0.5,731
20,32,Target,1,1,1,1,706
20,33,F2,0,1,0,0.5,732
20,34,F1,0,1,0,0.75,733
20,35,F1,1,0,0,0.75,734
20,36,Target,1,1,1,1,735
20,37,F1,0,1,0,0.75,736
20,38,F3,0,1,0,0.25,737
20,39,F2,0,1,0,0.5,738
20,40,F2,0,1,0,0.5,739
20,41,F2,0,1,0,0.5,719
20,42,F2,1,0,0,0.5,711
20,43,Target,1,1,1,1,719
20,44,Target,1,1,1,1,740
20,45,Target,1,1,1,1,741
20,46,F1,0,1,0,0.75,741
20,47,F2,0,1,0,0.5,712
20,48,F2,0,1,0,0.5,742
20,49,F2,1,0,0,0.5,743
20,50,F1,0,1,0,0.75,728
20,51,Target,1,1,1,1,720
20,52,F3,1,0,0,0.25,744
20,53,Target,1,1,1,1,738
20,54,F1,1,0,0,0.75,745
20,55,F1,1,0,0,0.75,715
20,56,F3,0,1,0,0.25,746
20,57,F2,0,1,0,0.5,747
20,58,Target,1,1,1,1,748
20,59,F1,0,1,0,0.75,749
20,60,Target,1,1,1,1,743
20,61,F3,0,1,0,0.25,750
20,62,F1,1,0,0,0.75,743
20,63,F3,0,1,0,0.25,727
20,64,Target,1,1,1,1,715
20,65,Target,1,1,1,1,751
20,66,F3,0,1,0,0.25,752
20,67,F1,1,0,0,0.75,732
20,68,Target,1,1,1,1,753
20,69,F2,0,1,0,0.5,748
20,70,F3,0,1,0,0.25,711
20,71,F2,0,1,0,0.5,746
20,72,Target,1,1,1,1,713
20,73,F1,0,1,0,0.75,750
20,74,F2,0,1,0,0.5,729
20,75,F1,1,0,0,0.75,739
20,76,F3,0,1,0,0.25,754
20,77,F1,1,0,0,0.75,755
20,78,F1,0,1,0,0.75,756
20,79,F3,0,1,0,0.25,714
20,80,Target,1,1,1,1,757
20,81,F1,0,1,0,0.75,758
20,82,F3,0,1,0,0.25,755
20,83,F2,0,1,0,0.5,721
20,84,F2,0,1,0,0.5,716
20,85,F3,0,1,0,0.25,741
20,86,Target,1,1,1,1,759
20,87,F2,1,0,0,0.5,760
20,88,Target,1,1,1,1,761
20,89,F3,0,1,0,0.25,762
20,90,Target,1,1,1,1,722
20,91,F1,0,1,0,0.75,738
20,92,Target,1,1,1,1,708
20,93,F1,0,1,0,0.75,761
20,94,F3,0,1,0,0.25,740
20,95,F3,0,1,0,0.25,703
20,96,F1,1,0,0,0.75,742
20,97,F3,0,1,0,0.25,763
20,98,F3,0,1,0,0.25,743
20,99,F2,0,1,0,0.5,764
20,100,F2,0,1,0,0.5,765
20,101,F1,0,1,0,0.75,717
20,102,Target,1,1,1,1,752
20,103,F1,0,1,0,0.75,752
20,104,F3,0,1,0,0.25,758
20,105,F3,0,1,0,0.25,753
20,106,F2,0,1,0,0.5,737
20,107,F1,0,1,0,0.75,757
20,108,F2,0,1,0,0.5,766
20,109,F2,0,1,0,0.5,767
20,110,F1,1,0,0,0.75,768
20,111,F1,0,1,0,0.75,760
20,112,F3,0,1,0,0.25,706
20,113,F2,0,1,0,0.5,768
20,114,F3,0,1,0,0.25,769
20,115,F2,0,1,0,0.5,705
20,116,Target,1,1,1,1,710
20,117,Target,0,0,1,1,745
20,118,F1,0,1,0,0.75,748
20,119,F3,0,1,0,0.25,728
20,120,Target,1,1,1,1,760
20,121,F3,0,1,0,0.25,732
20,122,F2,0,1,0,0.5,758
20,123,F1,1,0,0,0.75,711
20,124,F3,1,0,0,0.25,731
20,125,F2,0,1,0,0.5,745
20,126,F3,0,1,0,0.25,770
20,127,F1,0,1,0,0.75,771
20,128,F3,0,1,0,0.25,764
20,129,F2,0,1,0,0.5,772
20,130,F1,0,1,0,0.75,759
20,131,F3,0,1,0,0.25,765
20,132,Target,1,1,1,1,773
20,133,F1,1,0,0,0.75,709
20,134,Target,0,0,1,1,736
20,135,F1,0,1,0,0.75,774
20,136,Target,1,1,1,1,729
20,137,F2,1,0,0,0.5,757
20,138,Target,1,1,1,1,733
20,139,F3,0,1,0,0.25,766
20,140,F3,0,1,0,0.25,719
20,141,F1,0,1,0,0.75,714
20,142,F2,0,1,0,0.5,718
20,143,F2,0,1,0,0.5,722
20,144,F1,0,1,0,0.75,704
20,145,F1,0,1,0,0.75,751
20,146,Target,1,1,1,1,746
20,147,F2,0,1,0,0.5,733
20,148,F1,0,1,0,0.75,753
20,149,F2,1,0,0,0.5,770
20,150,F2,1,0,0,0.5,775
20,151,F3,1,0,0,0.25,768
20,152,F2,0,1,0,0.5,717
20,153,F1,0,1,0,0.75,775
20,154,F1,1,0,0,0.75,725
20,155,F2,0,1,0,0.5,728
20,156,F1,0,1,0,0.75,769
20,157,F3,0,1,0,0.25,747
20,158,F2,0,1,0,0.5,776
20,159,F2,1,0,0,0.5,703
20,160,F2,0,1,0,0.5,773
20,161,F3,0,1,0,0.25,777
20,162,F1,0,1,0,0.75,778
20,163,F1,0,1,0,0.75,731
20,164,F1,0,1,0,0.75,740
20,165,F1,0,1,0,0.75,763
20,166,F2,0,1,0,0.5,752
20,167,F1,0,1,0,0.75,730
20,168,Target,1,1,1,1,755
20,169,F3,0,1,0,0.25,716
20,170,F3,0,1,0,0.25,722
20,171,Target,1,1,1,1,758
20,172,F2,0,1,0,0.5,750
20,173,F3,0,1,0,0.25,774
20,174,Target,1,1,1,1,776
20,175,F3,0,1,0,0.25,735
20,176,F3,0,1,0,0.25,779
20,177,F2,0,1,0,0.5,774
20,178,F2,0,1,0,0.5,751
20,179,F2,0,1,0,0.5,741
20,180,F3,0,1,0,0.25,723
20,181,F1,0,1,0,0.75,762
20,182,F1,0,1,0,0.75,777
20,183,F3,0,1,0,0.25,709
20,184,F2,0,1,0,0.5,756
20,185,Target,0,0,1,1,777
20,186,Target,1,1,1,1,756
20,187,Target,1,1,1,1,723
20,188,F2,0,1,0,0.5,761
20,189,Target,1,1,1,1,772
20,190,Target,1,1,1,1,778
20,191,F3,0,1,0,0.25,729
20,192,Target,0,0,1,1,744
20,193,F3,1,0,0,0.25,778
20,194,F1,0,1,0,0.75,735
20,195,F1,0,1,0,0.75,708
20,196,F3,0,1,0,0.25,724
20,197,Target,1,1,1,1,725
20,198,F1,0,1,0,0.75,773
20,199,F3,0,1,0,0.25,712
20,200,F1,1,0,0,0.75,776
20,201,F3,0,1,0,0.25,742
20,202,F2,0,1,0,0.5,704
20,203,F1,0,1,0,0.75,724
20,204,F1,0,1,0,0.75,727
20,205,F2,0,1,0,0.5,779
20,206,F1,0,1,0,0.75,767
20,207,Target,1,1,1,1,771
20,208,Target,1,1,1,1,749
20,209,F3,0,1,0,0.25,776
20,210,Target,1,1,1,1,718
20,211,Target,1,1,1,1,762
20,212,F3,0,1,0,0.25,772
20,213,F3,1,0,0,0.25,757
20,214,F2,0,1,0,0.5,710
20,215,Target,1,1,1,1,763
20,216,F1,1,0,0,0.75,764
20,217,F2,0,1,0,0.5,734
20,218,F3,0,1,0,0.25,710
20,219,F2,0,1,0,0.5,714
20,220,Target,1,1,1,1,734
20,221,Target,1,1,1,1,742
20,222,F3,0,1,0,0.25,748
20,223,Target,1,1,1,1,737
20,224,Target,1,1,1,1,732
20,225,Target,1,1,1,1,780
20,226,F2,1,0,0,0.5,753
20,227,F3,0,1,0,0.25,736
20,228,F1,1,0,0,0.75,721
20,229,Target,1,1,1,1,739
20,230,F2,0,1,0,0.5,740
20,231,F3,0,1,0,0.25,767
20,232,F3,0,1,0,0.25,725
20,233,Target,0,0,1,1,774
20,234,F2,0,1,0,0.5,763
20,235,F1,0,1,0,0.75,770
20,236,Target,1,1,1,1,727
20,237,Target,1,1,1,1,754
20,238,F2,0,1,0,0.5,778
20,239,F2,0,1,0,0.5,749
20,240,F3,0,1,0,0.25,713
20,241,Target,1,1,1,1,709
20,242,F3,0,1,0,0.25,733
20,243,F1,0,1,0,0.75,772
20,244,Target,1,1,1,1,770
20,245,F1,0,1,0,0.75,737
20,246,F3,0,1,0,0.25,751
20,247,Target,1,1,1,1,765
20,248,F1,0,1,0,0.75,766
20,249,F1,0,1,0,0.75,744
20,250,F2,0,1,0,0.5,713
20,251,F1,0,1,0,0.75,779
20,252,Target,1,1,1,1,731
20,253,F2,1,0,0,0.5,769
20,254,F3,0,1,0,0.25,773
20,255,F2,0,1,0,0.5,759
20,256,F1,0,1,0,0.75,754
20,257,F1,0,1,0,0.75,780
20,258,Target,1,1,1,1,704
20,259,Target,1,1,1,1,766
20,260,F1,0,1,0,0.75,716
20,261,F3,0,1,0,0.25,749
20,262,Target,1,1,1,1,726
20,263,F1,0,1,0,0.75,746
20,264,F3,0,1,0,0.25,775
20,265,Target,0,0,1,1,724
20,266,F2,1,0,0,0.5,707
20,267,F2,0,1,0,0.5,708
20,268,F3,0,1,0,0.25,738
20,269,Target,1,1,1,1,721
20,270,F2,0,1,0,0.5,780
20,271,F2,0,1,0,0.5,754
20,272,F1,1,0,0,0.75,706
20,273,F1,0,1,0,0.75,765
20,274,F3,0,1,0,0.25,745
20,275,F3,0,1,0,0.25,756
20,276,F2,0,1,0,0.5,762
20,277,F2,0,1,0,0.5,777
20,278,Target,1,1,1,1,779
20,279,F1,0,1,0,0.75,712
20,280,F3,0,1,0,0.25,734
20,281,Target,0,0,1,1,775
20,282,F3,0,1,0,0.25,761
20,283,F3,0,1,0,0.25,715
20,284,F3,0,1,0,0.25,739
20,285,F2,0,1,0,0.5,755
20,286,F2,0,1,0,0.5,744
20,287,F1,0,1,0,0.75,707
20,288,F3,0,1,0,0.25,760
20,289,F2,0,1,0,0.5,723
20,290,F3,0,1,0,0.25,780
20,291,Target,1,1,1,1,768
20,292,Target,0,0,1,1,747
20,293,F2,0,1,0,0.5,771
20,294,F2,0,1,0,0.5,720
20,295,F3,0,1,0,0.25,720
20,296,F1,0,1,0,0.75,747
20,297,F1,0,1,0,0.75,703
20,298,Target,1,1,1,1,767
20,299,F2,0,1,0,0.5,726
20,300,F3,0,1,0,0.25,718
20,301,F3,0,1,0,0.25,730
20,302,F3,0,1,0,0.25,771
20,303,F2,0,1,0,0.5,730
20,304,F2,0,1,0,0.5,736
20,305,F3,0,1,0,0.25,759
20,306,F2,0,1,0,0.5,735
20,307,Target,0,0,1,1,750
20,308,Target,1,1,1,1,764
20,309,Target,1,1,1,1,707
20,310,F1,0,1,0,0.75,705
20,311,Target,1,1,1,1,769
20,312,Target,0,0,1,1,705
22,1,F2,0,1,0,0.5,781
22,2,Target,1,1,1,1,782
22,3,F1,1,0,0,0.75,783
22,4,F2,1,0,0,0.5,784
22,5,F2,1,0,0,0.5,785
22,6,Target,1,1,1,1,786
22,7,F3,1,0,0,0.25,787
22,8,F3,0,1,0,0.25,788
22,9,F2,0,1,0,0.5,789
22,10,F2,1,0,0,0.5,787
22,11,F3,0,1,0,0.25,785
22,12,F2,1,0,0,0.5,790
22,13,F2,1,0,0,0.5,791
22,14,Target,1,1,1,1,792
22,15,F3,1,0,0,0.25,793
22,16,F3,1,0,0,0.25,794
22,17,F1,0,1,0,0.75,781
22,18,F1,1,0,0,0.75,795
22,19,Target,1,1,1,1,796
22,20,F1,1,0,0,0.75,797
22,21,F2,1,0,0,0.5,798
22,22,F2,1,0,0,0.5,799
22,23,Target,1,1,1,1,800
22,24,F3,1,0,0,0.25,801
22,25,F1,0,1,0,0.75,802
22,26,F3,0,1,0,0.25,803
22,27,F1,1,0,0,0.75,804
22,28,F2,0,1,0,0.5,805
22,29,F1,0,1,0,0.75,806
22,30,F3,0,1,0,0.25,807
22,31,Target,1,1,1,1,785
22,32,F2,1,0,0,0.5,808
22,33,F2,1,0,0,0.5,809
22,34,F3,0,1,0,0.25,810
22,35,F2,0,1,0,0.5,811
22,36,F3,0,1,0,0.25,799
22,37,Target,1,1,1,1,812
22,38,F2,1,0,0,0.5,806
22,39,F1,1,0,0,0.75,790
22,40,F3,0,1,0,0.25,783
22,41,F2,1,0,0,0.5,813
22,42,F2,0,1,0,0.5,814
22,43,F1,0,1,0,0.75,815
22,44,F1,1,0,0,0.75,808
22,45,F3,0,1,0,0.25,797
22,46,F1,1,0,0,0.75,816
22,47,F1,0,1,0,0.75,817
22,48,F1,0,1,0,0.75,818
22,49,F1,1,0,0,0.75,787
22,50,F1,1,0,0,0.75,782
22,51,F3,0,1,0,0.25,781
22,52,F1,0,1,0,0.75,819
22,53,F1,1,0,0,0.75,820
22,54,F3,0,1,0,0.25,821
22,55,F1,1,0,0,0.75,789
22,56,F3,1,0,0,0.25,822
22,57,F3,0,1,0,0.25,802
22,58,F1,1,0,0,0.75,794
22,59,F1,0,1,0,0.75,823
22,60,F2,1,0,0,0.5,824
22,61,Target,1,1,1,1,820
22,62,Target,1,1,1,1,825
22,63,F2,0,1,0,0.5,826
22,64,F2,1,0,0,0.5,793
22,65,F3,0,1,0,0.25,818
22,66,F1,1,0,0,0.75,814
22,67,F2,0,1,0,0.5,827
22,68,Target,1,1,1,1,813
22,69,F3,1,0,0,0.25,828
22,70,F2,1,0,0,0.5,829
22,71,F3,0,1,0,0.25,830
22,72,F3,0,1,0,0.25,831
22,73,Target,1,1,1,1,809
22,74,F1,1,0,0,0.75,832
22,75,F2,1,0,0,0.5,833
22,76,Target,1,1,1,1,808
22,77,F3,0,1,0,0.25,834
22,78,F3,1,0,0,0.25,835
22,79,F3,1,0,0,0.25,836
22,80,Target,1,1,1,1,837
22,81,Target,1,1,1,1,832
22,82,F2,1,0,0,0.5,838
22,83,F2,0,1,0,0.5,839
22,84,F3,1,0,0,0.25,813
22,85,F1,0,1,0,0.75,839
22,86,Target,1,1,1,1,840
22,87,Target,1,1,1,1,817
22,88,Target,0,0,1,1,841
22,89,F1,1,0,0,0.75,788
22,90,F3,0,1,0,0.25,837
22,91,F1,1,0,0,0.75,803
22,92,F2,1,0,0,0.5,810
22,93,F3,0,1,0,0.25,805
22,94,F2,0,1,0,0.5,842
22,95,F2,0,1,0,0.5,822
22,96,Target,0,0,1,1,806
22,97,Target,1,1,1,1,843
22,98,Target,1,1,1,1,844
22,99,F1,1,0,0,0.75,801
22,100,F2,0,1,0,0.5,825
22,101,F3,0,1,0,0.25,845
22,102,Target,1,1,1,1,834
22,103,F1,0,1,0,0.75,842
22,104,Target,0,0,1,1,807
22,105,Target,1,1,1,1,816
22,106,F1,1,0,0,0.75,846
22,107,Target,1,1,1,1,847
22,108,F1,1,0,0,0.75,791
22,109,Target,1,1,1,1,836
22,110,F2,0,1,0,0.5,817
22,111,F1,0,1,0,0.75,844
22,112,Target,1,1,1,1,823
22,113,Target,1,1,1,1,798
22,114,F3,1,0,0,0.25,790
22,115,F2,1,0,0,0.5,820
22,116,F3,0,1,0,0.25,826
22,117,F1,1,0,0,0.75,784
22,118,F3,1,0,0,0.25,848
22,119,F2,1,0,0,0.5,849
22,120,F1,1,0,0,0.75,850
22,121,Target,1,1,1,1,833
22,122,F3,1,0,0,0.25,812
22,123,F2,1,0,0,0.5,804
22,124,F1,1,0,0,0.75,798
22,125,Target,1,1,1,1,851
22,126,F3,0,1,0,0.25,795
22,127,F3,0,1,0,0.25,852
22,128,Target,1,1,1,1,787
22,129,F3,1,0,0,0.25,806
22,130,Target,1,1,1,1,853
22,131,F2,1,0,0,0.5,840
22,132,F1,0,1,0,0.75,852
22,133,F1,1,0,0,0.75,841
22,134,F1,0,1,0,0.75,812
22,135,Target,1,1,1,1,783
22,136,F1,1,0,0,0.75,833
22,137,F1,1,0,0,0.75,837
22,138,F2,0,1,0,0.5,788
22,139,F2,1,0,0,0.5,830
22,140,F3,0,1,0,0.25,853
22,141,F1,0,1,0,0.75,786
22,142,F2,0,1,0,0.5,803
22,143,F1,0,1,0,0.75,854
22,144,F3,0,1,0,0.25,824
22,145,F1,0,1,0,0.75,855
22,146,F3,0,1,0,0.25,847
22,147,Target,1,1,1,1,846
22,148,Target,1,1,1,1,850
22,149,Target,1,1,1,1,821
22,150,F3,1,0,0,0.25,829
22,151,F2,1,0,0,0.5,794
22,152,F3,0,1,0,0.25,798
22,153,F1,1,0,0,0.75,813
22,154,Target,1,1,1,1,839
22,155,F3,0,1,0,0.25,842
22,156,F1,0,1,0,0.75,829
22,157,Target,1,1,1,1,854
22,158,F3,1,0,0,0.25,782
22,159,Target,0,0,1,1,818
22,160,F1,1,0,0,0.75,835
22,161,Target,1,1,1,1,799
22,162,F1,1,0,0,0.75,834
22,163,F1,0,1,0,0.75,836
22,164,F3,0,1,0,0.25,800
22,165,F2,1,0,0,0.5,807
22,166,F2,0,1,0,0.5,823
22,167,Target,1,1,1,1,828
22,168,Target,0,0,1,1,852
22,169,F2,0,1,0,0.5,836
22,170,Target,1,1,1,1,781
22,171,F1,1,0,0,0.75,785
22,172,F3,0,1,0,0.25,786
22,173,Target,0,0,1,1,795
22,174,F1,1,0,0,0.75,838
22,175,F1,1,0,0,0.75,799
22,176,F3,1,0,0,0.25,856
22,177,F3,0,1,0,0.25,816
22,178,Target,1,1,1,1,810
22,179,F3,0,1,0,0.25,839
22,180,F2,0,1,0,0.5,854
22,181,F1,1,0,0,0.75,828
22,182,F2,0,1,0,0.5,850
22,183,F1,0,1,0,0.75,800
22,184,F3,1,0,0,0.25,784
22,185,F3,1,0,0,0.25,820
22,186,Target,0,0,1,1,789
22,187,F1,1,0,0,0.75,821
22,188,F3,1,0,0,0.25,844
22,189,F1,0,1,0,0.75,857
22,190,F1,1,0,0,0.75,825
22,191,Target,1,1,1,1,790
22,192,F2,1,0,0,0.5,815
22,193,Target,1,1,1,1,814
22,194,F3,0,1,0,0.25,825
22,195,F1,1,0,0,0.75,822
22,196,Target,0,0,1,1,855
22,197,F2,0,1,0,0.5,852
22,198,Target,1,1,1,1,791
22,199,F2,0,1,0,0.5,846
22,200,F1,1,0,0,0.75,840
22,201,F2,1,0,0,0.5,845
22,202,F2,1,0,0,0.5,812
22,203,Target,0,0,1,1,842
22,204,F1,1,0,0,0.75,848
22,205,F1,1,0,0,0.75,856
22,206,F2,0,1,0,0.5,843
22,207,F2,0,1,0,0.5,786
22,208,F3,1,0,0,0.25,817
22,209,F1,0,1,0,0.75,807
22,210,F3,1,0,0,0.25,857
22,211,Target,1,1,1,1,784
22,212,Target,1,1,1,1,819
22,213,F3,0,1,0,0.25,814
22,214,F1,1,0,0,0.75,849
22,215,Target,1,1,1,1,801
22,216,F1,1,0,0,0.75,826
22,217,Target,1,1,1,1,811
22,218,Target,0,0,1,1,788
22,219,F1,0,1,0,0.75,847
22,220,F2,1,0,0,0.5,782
22,221,F2,1,0,0,0.5,855
22,222,Target,1,1,1,1,830
22,223,F1,1,0,0,0.75,843
22,224,Target,1,1,1,1,838
22,225,F1,0,1,0,0.75,805
22,226,Target,1,1,1,1,824
22,227,F3,0,1,0,0.25,809
22,228,F3,0,1,0,0.25,854
22,229,Target,1,1,1,1,802
22,230,F3,1,0,0,0.25,808
22,231,F3,0,1,0,0.25,855
22,232,Target,1,1,1,1,794
22,233,F3,0,1,0,0.25,815
22,234,F3,0,1,0,0.25,792
22,235,F1,1,0,0,0.75,811
22,236,F2,1,0,0,0.5,853
22,237,F2,1,0,0,0.5,856
22,238,Target,1,1,1,1,835
22,239,Target,1,1,1,1,803
22,240,F3,0,1,0,0.25,840
22,241,F3,1,0,0,0.25,819
22,242,F1,0,1,0,0.75,793
22,243,F2,0,1,0,0.5,847
22,244,F3,0,1,0,0.25,804
22,245,F3,0,1,0,0.25,838
22,246,F3,0,1,0,0.25,851
22,247,Target,0,0,1,1,826
22,248,F3,0,1,0,0.25,811
22,249,F3,0,1,0,0.25,827
22,250,F2,1,0,0,0.5,835
22,251,F2,1,0,0,0.5,858
22,252,F1,1,0,0,0.75,851
22,253,F2,1,0,0,0.5,831
22,254,F2,1,0,0,0.5,818
22,255,F2,1,0,0,0.5,848
22,256,Target,0,0,1,1,827
22,257,F2,0,1,0,0.5,792
22,258,F2,0,1,0,0.5,841
22,259,F2,0,1,0,0.5,851
22,260,Target,0,0,1,1,857
22,261,Target,1,1,1,1,845
22,262,F3,0,1,0,0.25,858
22,263,F2,0,1,0,0.5,802
22,264,F3,0,1,0,0.25,850
22,265,Target,1,1,1,1,849
22,266,F3,0,1,0,0.25,833
22,267,F1,0,1,0,0.75,845
22,268,Target,0,0,1,1,829
22,269,F1,1,0,0,0.75,796
22,270,F2,1,0,0,0.5,837
22,271,F1,1,0,0,0.75,853
22,272,F2,1,0,0,0.5,834
22,273,F3,0,1,0,0.25,843
22,274,F1,1,0,0,0.75,810
22,275,F1,1,0,0,0.75,831
22,276,F2,1,0,0,0.5,783
22,277,Target,1,1,1,1,848
22,278,F2,1,0,0,0.5,844
22,279,F1,1,0,0,0.75,809
22,280,F2,1,0,0,0.5,801
22,281,F2,0,1,0,0.5,857
22,282,F2,0,1,0,0.5,816
22,283,F1,1,0,0,0.75,792
22,284,F2,1,0,0,0.5,832
22,285,Target,1,1,1,1,805
22,286,Target,0,0,1,1,858
22,287,F1,0,1,0,0.75,858
22,288,Target,0,0,1,1,793
22,289,F3,1,0,0,0.25,796
22,290,F3,0,1,0,0.25,832
22,291,F2,0,1,0,0.5,821
22,292,Target,0,0,1,1,797
22,293,F1,1,0,0,0.75,830
22,294,F3,0,1,0,0.25,846
22,295,F3,1,0,0,0.25,791
22,296,F1,1,0,0,0.75,824
22,297,Target,0,0,1,1,856
22,298,Target,1,1,1,1,831
22,299,Target,1,1,1,1,815
22,300,F1,1,0,0,0.75,827
22,301,F3,1,0,0,0.25,841
22,302,F2,0,1,0,0.5,797
22,303,F3,0,1,0,0.25,823
22,304,Target,1,1,1,1,804
22,305,F2,1,0,0,0.5,795
22,306,F2,0,1,0,0.5,800
22,307,F2,1,0,0,0.5,828
22,308,F3,0,1,0,0.25,789
22,309,Target,1,1,1,1,822
22,310,F2,0,1,0,0.5,796
22,311,F3,0,1,0,0.25,849
22,312,F2,1,0,0,0.5,819
23,1,F2,0,1,0,0.5,859
23,2,F2,0,1,0,0.5,860
23,3,F3,1,0,0,0.25,861
23,4,F1,0,1,0,0.75,862
23,5,F3,0,1,0,0.25,863
23,6,F1,0,1,0,0.75,864
23,7,F1,1,0,0,0.75,865
23,8,F2,0,1,0,0.5,866
23,9,F3,0,1,0,0.25,867
23,10,Target,1,1,1,1,868
23,11,F1,0,1,0,0.75,869
23,12,F2,0,1,0,0.5,870
23,13,F1,1,0,0,0.75,871
23,14,F1,0,1,0,0.75,872
23,15,F3,0,1,0,0.25,873
23,16,F3,0,1,0,0.25,874
23,17,Target,1,1,1,1,875
23,18,F3,0,1,0,0.25,876
23,19,F1,0,1,0,0.75,877
23,20,Target,0,0,1,1,878
23,21,F3,0,1,0,0.25,866
23,22,F1,0,1,0,0.75,879
23,23,F3,0,1,0,0.25,880
23,24,F3,0,1,0,0.25,881
23,25,F2,0,1,0,0.5,872
23,26,F1,1,0,0,0.75,882
23,27,F1,0,1,0,0.75,883
23,28,F3,0,1,0,0.25,884
23,29,F2,0,1,0,0.5,885
23,30,Target,1,1,1,1,884
23,31,F1,0,1,0,0.75,886
23,32,F3,0,1,0,0.25,887
23,33,F2,1,0,0,0.5,867
23,34,F2,0,1,0,0.5,888
23,35,F2,0,1,0,0.5,881
23,36,F2,1,0,0,0.5,889
23,37,F2,0,1,0,0.5,890
23,38,Target,1,1,1,1,891
23,39,Target,1,1,1,1,892
23,40,F2,0,1,0,0.5,893
23,41,F1,0,1,0,0.75,894
23,42,F2,0,1,0,0.5,861
23,43,F2,0,1,0,0.5,862
23,44,Target,1,1,1,1,890
23,45,F1,0,1,0,0.75,885
23,46,F2,0,1,0,0.5,895
23,47,Target,1,1,1,1,880
23,48,F1,1,0,0,0.75,893
23,49,F3,0,1,0,0.25,896
23,50,F2,0,1,0,0.5,897
23,51,F1,0,1,0,0.75,898
23,52,F3,0,1,0,0.25,871
23,53,F3,0,1,0,0.25,899
23,54,Target,1,1,1,1,897
23,55,F2,0,1,0,0.5,900
23,56,F3,0,1,0,0.25,886
23,57,F1,0,1,0,0.75,901
23,58,F2,1,0,0,0.5,902
23,59,F3,0,1,0,0.25,889
23,60,F3,0,1,0,0.25,902
23,61,F1,0,1,0,0.75,903
23,62,Target,1,1,1,1,899
23,63,F2,1,0,0,0.5,904
23,64,F3,0,1,0,0.25,865
23,65,F1,0,1,0,0.75,870
23,66,F1,0,1,0,0.75,860
23,67,Target,1,1,1,1,888
23,68,F1,1,0,0,0.75,866
23,69,Target,0,0,1,1,905
23,70,Target,1,1,1,1,906
23,71,F1,0,1,0,0.75,907
23,72,F1,0,1,0,0.75,890
23,73,F3,0,1,0,0.25,860
23,74,F1,0,1,0,0.75,908
23,75,F1,1,0,0,0.75,896
23,76,Target,1,1,1,1,861
23,77,F3,0,1,0,0.25,909
23,78,F3,0,1,0,0.25,901
23,79,F1,0,1,0,0.75,880
23,80,Target,1,1,1,1,910
23,81,F2,0,1,0,0.5,871
23,82,Target,1,1,1,1,883
23,83,F2,0,1,0,0.5,909
23,84,F2,0,1,0,0.5,884
23,85,Target,1,1,1,1,869
23,86,F3,0,1,0,0.25,911
23,87,Target,1,1,1,1,895
23,88,F1,0,1,0,0.75,873
23,89,F3,0,1,0,0.25,900
23,90,F3,0,1,0,0.25,912
23,91,Target,1,1,1,1,881
23,92,F3,0,1,0,0.25,882
23,93,Target,1,1,1,1,902
23,94,F2,0,1,0,0.5,913
23,95,Target,1,1,1,1,870
23,96,F2,0,1,0,0.5,914
23,97,F2,0,1,0,0.5,911
23,98,F2,0,1,0,0.5,908
23,99,Target,1,1,1,1,864
23,100,F1,0,1,0,0.75,915
23,101,F3,0,1,0,0.25,893
23,102,F3,0,1,0,0.25,905
23,103,F2,0,1,0,0.5,916
23,104,F1,0,1,0,0.75,881
23,105,Target,0,0,1,1,917
23,106,F3,0,1,0,0.25,918
23,107,F2,0,1,0,0.5,919
23,108,Target,1,1,1,1,879
23,109,Target,0,0,1,1,882
23,110,F1,0,1,0,0.75,861
23,111,F1,0,1,0,0.75,920
23,112,F1,0,1,0,0.75,863
23,113,F2,0,1,0,0.5,921
23,114,F2,0,1,0,0.5,922
23,115,Target,1,1,1,1,918
23,116,F2,0,1,0,0.5,923
23,117,Target,0,0,1,1,911
23,118,F3,0,1,0,0.25,924
23,119,Target,1,1,1,1,901
23,120,F3,0,1,0,0.25,917
23,121,F3,0,1,0,0.25,925
23,122,Target,1,1,1,1,859
23,123,F1,0,1,0,0.75,917
23,124,Target,0,0,1,1,926
23,125,F1,0,1,0,0.75,910
23,126,F2,0,1,0,0.5,927
23,127,F3,0,1,0,0.25,898
23,128,F1,1,0,0,0.75,874
23,129,F2,0,1,0,0.5,882
23,130,Target,1,1,1,1,916
23,131,F1,0,1,0,0.75,905
23,132,F1,0,1,0,0.75,909
23,133,F3,0,1,0,0.25,920
23,134,F3,0,1,0,0.25,897
23,135,F3,0,1,0,0.25,885
23,136,Target,1,1,1,1,928
23,137,F2,0,1,0,0.5,899
23,138,F2,0,1,0,0.5,929
23,139,F3,0,1,0,0.25,926
23,140,F2,0,1,0,0.5,907
23,141,Target,1,1,1,1,872
23,142,F3,0,1,0,0.25,892
23,143,Target,1,1,1,1,896
23,144,F2,0,1,0,0.5,873
23,145,Target,1,1,1,1,887
23,146,F1,0,1,0,0.75,930
23,147,F3,0,1,0,0.25,903
23,148,F2,0,1,0,0.5,864
23,149,F2,0,1,0,0.5,928
23,150,F2,0,1,0,0.5,918
23,151,F1,0,1,0,0.75,911
23,152,F3,0,1,0,0.25,915
23,153,Target,0,0,1,1,885
23,154,F3,0,1,0,0.25,921
23,155,F3,0,1,0,0.25,890
23,156,F2,0,1,0,0.5,874
23,157,F1,0,1,0,0.75,926
23,158,Target,0,0,1,1,919
23,159,Target,0,0,1,1,921
23,160,F1,0,1,0,0.75,931
23,161,Target,1,1,1,1,877
23,162,F1,0,1,0,0.75,888
23,163,F3,0,1,0,0.25,930
23,164,Target,1,1,1,1,876
23,165,F2,0,1,0,0.5,926
23,166,F1,0,1,0,0.75,912
23,167,Target,1,1,1,1,900
23,168,Target,0,0,1,1,909
23,169,Target,1,1,1,1,929
23,170,F2,0,1,0,0.5,906
23,171,F1,0,1,0,0.75,918
23,172,Target,1,1,1,1,913
23,173,F3,0,1,0,0.25,872
23,174,F1,1,0,0,0.75,868
23,175,Target,1,1,1,1,862
23,176,F2,0,1,0,0.5,932
23,177,F3,0,1,0,0.25,870
23,178,F2,0,1,0,0.5,901
23,179,F2,0,1,0,0.5,879
23,180,F3,0,1,0,0.25,878
23,181,F3,0,1,0,0.25,908
23,182,F2,0,1,0,0.5,898
23,183,F2,0,1,0,0.5,863
23,184,F3,0,1,0,0.25,891
23,185,F2,0,1,0,0.5,869
23,186,F2,0,1,0,0.5,887
23,187,F3,0,1,0,0.25,862
23,188,F3,0,1,0,0.25,859
23,189,F3,0,1,0,0.25,932
23,190,F1,0,1,0,0.75,929
23,191,F3,0,1,0,0.25,913
23,192,Target,1,1,1,1,920
23,193,F3,0,1,0,0.25,864
23,194,Target,1,1,1,1,924
23,195,F3,0,1,0,0.25,922
23,196,Target,1,1,1,1,912
23,197,F2,0,1,0,0.5,930
23,198,F2,1,0,0,0.5,880
23,199,Target,1,1,1,1,907
23,200,F1,0,1,0,0.75,933
23,201,Target,0,0,1,1,933
23,202,F2,0,1,0,0.5,877
23,203,F1,1,0,0,0.75,875
23,204,F1,1,0,0,0.75,924
23,205,F2,0,1,0,0.5,878
23,206,F3,0,1,0,0.25,883
23,207,Target,1,1,1,1,934
23,208,F3,0,1,0,0.25,906
23,209,F3,0,1,0,0.25,907
23,210,F3,0,1,0,0.25,875
23,211,F1,1,0,0,0.75,922
23,212,F2,1,0,0,0.5,891
23,213,Target,1,1,1,1,871
23,214,F2,0,1,0,0.5,883
23,215,F1,0,1,0,0.75,859
23,216,F1,0,1,0,0.75,884
23,217,Target,1,1,1,1,860
23,218,F3,0,1,0,0.25,929
23,219,F1,0,1,0,0.75,889
23,220,F3,0,1,0,0.25,935
23,221,Target,1,1,1,1,894
23,222,F3,0,1,0,0.25,869
23,223,F3,0,1,0,0.25,928
23,224,Target,0,0,1,1,904
23,225,Target,1,1,1,1,936
23,226,F1,0,1,0,0.75,878
23,227,F2,0,1,0,0.5,876
23,228,F2,0,1,0,0.5,915
23,229,F3,0,1,0,0.25,916
23,230,F1,1,0,0,0.75,887
23,231,F2,1,0,0,0.5,934
23,232,F3,0,1,0,0.25,919
23,233,F2,0,1,0,0.5,917
23,234,F1,0,1,0,0.75,899
23,235,Target,0,0,1,1,893
23,236,F1,0,1,0,0.75,900
23,237,Target,1,1,1,1,931
23,238,F3,0,1,0,0.25,927
23,239,Target,1,1,1,1,863
23,240,F1,0,1,0,0.75,891
23,241,Target,1,1,1,1,866
23,242,F2,0,1,0,0.5,924
23,243,F1,1,0,0,0.75,921
23,244,Target,1,1,1,1,903
23,245,F2,0,1,0,0.5,935
23,246,Target,1,1,1,1,922
23,247,F2,0,1,0,0.5,925
23,248,F2,0,1,0,0.5,868
23,249,F2,0,1,0,0.5,892
23,250,Target,1,1,1,1,927
23,251,F3,0,1,0,0.25,934
23,252,Target,1,1,1,1,914
23,253,F1,0,1,0,0.75,904
23,254,Target,0,0,1,1,935
23,255,Target,0,0,1,1,898
23,256,F1,0,1,0,0.75,934
23,257,F1,0,1,0,0.75,895
23,258,F2,0,1,0,0.5,903
23,259,Target,1,1,1,1,873
23,260,Target,1,1,1,1,865
23,261,F2,0,1,0,0.5,905
23,262,F2,1,0,0,0.5,931
23,263,F2,0,1,0,0.5,912
23,264,F2,0,1,0,0.5,875
23,265,F2,0,1,0,0.5,936
23,266,F1,0,1,0,0.75,902
23,267,F2,0,1,0,0.5,896
23,268,F2,0,1,0,0.5,920
23,269,F1,0,1,0,0.75,913
23,270,F2,0,1,0,0.5,894
23,271,F2,0,1,0,0.5,865
23,272,Target,1,1,1,1,932
23,273,F1,0,1,0,0.75,906
23,274,Target,1,1,1,1,930
23,275,F1,0,1,0,0.75,867
23,276,F3,0,1,0,0.25,923
23,277,F3,0,1,0,0.25,895
23,278,F3,0,1,0,0.25,936
23,279,F3,0,1,0,0.25,910
23,280,F3,0,1,0,0.25,931
23,281,F3,0,1,0,0.25,877
23,282,F1,0,1,0,0.75,927
23,283,F2,0,1,0,0.5,910
23,284,F2,0,1,0,0.5,933
23,285,F1,0,1,0,0.75,876
23,286,Target,0,0,1,1,915
23,287,F3,0,1,0,0.25,914
23,288,F1,0,1,0,0.75,925
23,289,F1,0,1,0,0.75,928
23,290,F1,0,1,0,0.75,914
23,291,Target,0,0,1,1,908
23,292,F1,0,1,0,0.75,932
23,293,F2,0,1,0,0.5,886
23,294,F1,0,1,0,0.75,923
23,295,F3,0,1,0,0.25,868
23,296,F1,0,1,0,0.75,936
23,297,F3,0,1,0,0.25,933
23,298,Target,0,0,1,1,867
23,299,Target,1,1,1,1,925
23,300,F1,0,1,0,0.75,897
23,301,F1,0,1,0,0.75,935
23,302,F3,0,1,0,0.25,879
23,303,Target,1,1,1,1,923
23,304,F1,1,0,0,0.75,916
23,305,F1,0,1,0,0.75,892
23,306,F3,0,1,0,0.25,894
23,307,F1,0,1,0,0.75,919
23,308,Target,1,1,1,1,889
23,309,Target,1,1,1,1,886
23,310,Target,1,1,1,1,874
23,311,F3,0,1,0,0.25,888
23,312,F3,0,1,0,0.25,904
24,1,F1,0,1,0,0.75,937
24,2,Target,1,1,1,1,938
24,3,Target,1,1,1,1,939
24,4,F2,1,0,0,0.5,940
24,5,F1,0,1,0,0.75,941
24,6,F3,0,1,0,0.25,942
24,7,F2,0,1,0,0.5,943
24,8,F2,1,0,0,0.5,944
24,9,F3,0,1,0,0.25,939
24,10,F3,1,0,0,0.25,945
24,11,F2,0,1,0,0.5,946
24,12,F1,1,0,0,0.75,940
24,13,F2,1,0,0,0.5,947
24,14,F2,1,0,0,0.5,948
24,15,F2,1,0,0,0.5,949
24,16,F3,0,1,0,0.25,946
24,17,Target,1,1,1,1,950
24,18,F2,0,1,0,0.5,951
24,19,F2,0,1,0,0.5,952
24,20,F1,0,1,0,0.75,953
24,21,Target,1,1,1,1,954
24,22,F2,0,1,0,0.5,955
24,23,F2,0,1,0,0.5,956
24,24,Target,1,1,1,1,957
24,25,F2,0,1,0,0.5,958
24,26,F3,0,1,0,0.25,955
24,27,Target,1,1,1,1,959
24,28,F1,1,0,0,0.75,960
24,29,F3,0,1,0,0.25,961
24,30,Target,1,1,1,1,952
24,31,F2,0,1,0,0.5,962
24,32,Target,1,1,1,1,963
24,33,Target,1,1,1,1,964
24,34,F1,1,0,0,0.75,965
24,35,F3,0,1,0,0.25,962
24,36,F1,0,1,0,0.75,966
24,37,F2,1,0,0,0.5,967
24,38,F3,1,0,0,0.25,968
24,39,Target,1,1,1,1,969
24,40,F1,0,1,0,0.75,946
24,41,F2,0,1,0,0.5,970
24,42,Target,1,1,1,1,953
24,43,Target,1,1,1,1,971
24,44,F1,1,0,0,0.75,972
24,45,F1,1,0,0,0.75,973
24,46,F1,0,1,0,0.75,952
24,47,Target,1,1,1,1,974
24,48,Target,1,1,1,1,945
24,49,Target,1,1,1,1,975
24,50,F3,0,1,0,0.25,943
24,51,Target,1,1,1,1,976
24,52,F2,0,1,0,0.5,977
24,53,F3,0,1,0,0.25,971
24,54,Target,1,1,1,1,965
24,55,F2,0,1,0,0.5,978
24,56,F2,0,1,0,0.5,954
24,57,F2,1,0,0,0.5,979
24,58,F1,1,0,0,0.75,956
24,59,F3,1,0,0,0.25,979
24,60,F2,0,1,0,0.5,980
24,61,F3,1,0,0,0.25,981
24,62,Target,1,1,1,1,941
24,63,F2,0,1,0,0.5,961
24,64,F3,0,1,0,0.25,982
24,65,Target,1,1,1,1,983
24,66,F1,0,1,0,0.75,944
24,67,F3,0,1,0,0.25,984
24,68,Target,1,1,1,1,985
24,69,F3,0,1,0,0.25,986
24,70,F1,0,1,0,0.75,968
24,71,F2,0,1,0,0.5,987
24,72,Target,1,1,1,1,943
24,73,F2,0,1,0,0.5,988
24,74,Target,0,0,1,1,981
24,75,F2,0,1,0,0.5,989
24,76,F2,0,1,0,0.5,966
24,77,F2,0,1,0,0.5,990
24,78,F1,0,1,0,0.75,991
24,79,F3,0,1,0,0.25,992
24,80,F3,0,1,0,0.25,960
24,81,Target,1,1,1,1,987
24,82,F2,0,1,0,0.5,993
24,83,F3,0,1,0,0.25,994
24,84,F2,0,1,0,0.5,968
24,85,F1,0,1,0,0.75,994
24,86,F1,1,0,0,0.75,989
24,87,F2,0,1,0,0.5,995
24,88,F1,1,0,0,0.75,996
24,89,F3,0,1,0,0.25,941
24,90,F1,1,0,0,0.75,955
24,91,Target,1,1,1,1,942
24,92,F2,0,1,0,0.5,973
24,93,Target,1,1,1,1,995
24,94,F2,0,1,0,0.5,957
24,95,F1,1,0,0,0.75,997
24,96,F1,0,1,0,0.75,998
24,97,F3,0,1,0,0.25,965
24,98,F3,0,1,0,0.25,998
24,99,Target,1,1,1,1,962
24,100,F3,0,1,0,0.25,970
24,101,F1,1,0,0,0.75,938
24,102,F2,0,1,0,0.5,992
24,103,F2,0,1,0,0.5,999
24,104,F2,0,1,0,0.5,1000
24,105,F1,0,1,0,0.75,999
24,106,F1,0,1,0,0.75,947
24,107,F2,0,1,0,0.5,991
24,108,F2,0,1,0,0.5,1001
24,109,F1,1,0,0,0.75,1002
24,110,F2,1,0,0,0.5,1003
24,111,F3,1,0,0,0.25,977
24,112,Target,1,1,1,1,1004
24,113,F3,0,1,0,0.25,967
24,114,F3,0,1,0,0.25,957
24,115,F3,0,1,0,0.25,1005
24,116,F3,0,1,0,0.25,973
24,117,Target,1,1,1,1,1006
24,118,F1,0,1,0,0.75,963
24,119,Target,1,1,1,1,1000
24,120,Target,1,1,1,1,992
24,121,F2,0,1,0,0.5,976
24,122,Target,1,1,1,1,997
24,123,F1,0,1,0,0.75,959
24,124,F2,0,1,0,0.5,969
24,125,F2,0,1,0,0.5,1006
24,126,Target,1,1,1,1,1005
24,127,F1,0,1,0,0.75,992
24,128,F1,0,1,0,0.75,1005
24,129,F3,0,1,0,0.25,1007
24,130,F3,0,1,0,0.25,959
24,131,Target,1,1,1,1,1008
24,132,F1,0,1,0,0.75,1003
24,133,F1,0,1,0,0.75,987
24,134,F1,0,1,0,0.75,986
24,135,F2,0,1,0,0.5,994
24,136,Target,0,0,1,1,947
24,137,Target,1,1,1,1,973
24,138,F3,0,1,0,0.25,952
24,139,F3,0,1,0,0.25,1009
24,140,F1,0,1,0,0.75,1006
24,141,Target,1,1,1,1,966
24,142,F2,0,1,0,0.5,965
24,143,F3,0,1,0,0.25,1002
24,144,Target,1,1,1,1,988
24,145,F2,0,1,0,0.5,945
24,146,F3,0,1,0,0.25,991
24,147,Target,1,1,1,1,993
24,148,F3,0,1,0,0.25,996
24,149,Target,1,1,1,1,949
24,150,F1,1,0,0,0.75,976
24,151,F1,0,1,0,0.75,950
24,152,F2,1,0,0,0.5,950
24,153,F3,0,1,0,0.25,985
24,154,F2,0,1,0,0.5,960
24,155,F1,0,1,0,0.75,1008
24,156,F2,0,1,0,0.5,984
24,157,F1,1,0,0,0.75,990
24,158,F1,0,1,0,0.75,943
24,159,F2,0,1,0,0.5,997
24,160,F2,0,1,0,0.5,974
24,161,F2,0,1,0,0.5,971
24,162,F1,0,1,0,0.75,1010
24,163,F3,0,1,0,0.25,1004
24,164,Target,1,1,1,1,980
24,165,F3,0,1,0,0.25,978
24,166,F2,0,1,0,0.5,1002
24,167,F1,0,1,0,0.75,1009
24,168,Target,0,0,1,1,958
24,169,F1,1,0,0,0.75,939
24,170,F1,0,1,0,0.75,949
24,171,Target,1,1,1,1,991
24,172,F2,0,1,0,0.5,975
24,173,F1,1,0,0,0.75,1001
24,174,Target,1,1,1,1,1002
24,175,F3,0,1,0,0.25,975
24,176,Target,1,1,1,1,1003
24,177,F1,1,0,0,0.75,1007
24,178,F1,0,1,0,0.75,988
24,179,F2,0,1,0,0.5,1011
24,180,F2,0,1,0,0.5,985
24,181,F1,0,1,0,0.75,967
24,182,F2,0,1,0,0.5,939
24,183,Target,0,0,1,1,1012
24,184,Target,1,1,1,1,1010
24,185,Target,1,1,1,1,972
24,186,F1,0,1,0,0.75,1011
24,187,F1,0,1,0,0.75,978
24,188,Target,1,1,1,1,986
24,189,F2,0,1,0,0.5,964
24,190,F3,0,1,0,0.25,964
24,191,F3,0,1,0,0.25,983
24,192,F2,0,1,0,0.5,986
24,193,Target,1,1,1,1,1013
24,194,F3,0,1,0,0.25,993
24,195,F1,1,0,0,0.75,958
24,196,Target,0,0,1,1,1001
24,197,F3,0,1,0,0.25,1006
24,198,F1,1,0,0,0.75,961
24,199,F1,0,1,0,0.75,977
24,200,F3,0,1,0,0.25,954
24,201,Target,1,1,1,1,940
24,202,F2,1,0,0,0.5,941
24,203,F3,0,1,0,0.25,1001
24,204,F2,1,0,0,0.5,998
24,205,F3,0,1,0,0.25,974
24,206,F1,0,1,0,0.75,964
24,207,F3,0,1,0,0.25,1014
24,208,F3,0,1,0,0.25,951
24,209,F3,0,1,0,0.25,995
24,210,F1,0,1,0,0.75,985
24,211,F3,0,1,0,0.25,969
24,212,F1,1,0,0,0.75,1004
24,213,Target,1,1,1,1,960
24,214,Target,1,1,1,1,967
24,215,Target,1,1,1,1,948
24,216,F3,0,1,0,0.25,948
24,217,F2,1,0,0,0.5,1012
24,218,Target,1,1,1,1,937
24,219,F1,1,0,0,0.75,954
24,220,Target,1,1,1,1,998
24,221,F2,0,1,0,0.5,982
24,222,F1,1,0,0,0.75,1000
24,223,F1,1,0,0,0.75,1014
24,224,F2,0,1,0,0.5,1009
24,225,F2,0,1,0,0.5,1010
24,226,Target,1,1,1,1,1009
24,227,F1,0,1,0,0.75,993
24,228,F3,0,1,0,0.25,988
24,229,F2,0,1,0,0.5,1007
24,230,F2,0,1,0,0.5,963
24,231,F2,0,1,0,0.5,959
24,232,F1,0,1,0,0.75,969
24,233,Target,1,1,1,1,977
24,234,F1,0,1,0,0.75,995
24,235,F3,0,1,0,0.25,938
24,236,F2,1,0,0,0.5,996
24,237,F2,0,1,0,0.5,953
24,238,Target,1,1,1,1,990
24,239,F3,0,1,0,0.25,1003
24,240,F1,1,0,0,0.75,981
24,241,F3,0,1,0,0.25,1011
24,242,Target,1,1,1,1,968
24,243,F3,0,1,0,0.25,963
24,244,F1,1,0,0,0.75,984
24,245,F1,1,0,0,0.75,975
24,246,Target,1,1,1,1,989
24,247,Target,1,1,1,1,979
24,248,Target,1,1,1,1,946
24,249,Target,0,0,1,1,996
24,250,Target,1,1,1,1,994
24,251,Target,1,1,1,1,961
24,252,Target,1,1,1,1,951
24,253,F1,1,0,0,0.75,951
24,254,Target,1,1,1,1,944
24,255,F2,0,1,0,0.5,972
24,256,F1,0,1,0,0.75,974
24,257,F1,1,0,0,0.75,1013
24,258,F2,1,0,0,0.5,983
24,259,F1,1,0,0,0.75,945
24,260,F3,0,1,0,0.25,989
24,261,F2,1,0,0,0.5,942
24,262,F3,1,0,0,0.25,997
24,263,Target,1,1,1,1,984
24,264,F3,0,1,0,0.25,990
24,265,Target,1,1,1,1,999
24,266,F2,0,1,0,0.5,1008
24,267,F3,0,1,0,0.25,1013
24,268,F2,0,1,0,0.5,937
24,269,Target,1,1,1,1,1011
24,270,F3,0,1,0,0.25,999
24,271,F3,0,1,0,0.25,950
24,272,F2,0,1,0,0.5,1013
24,273,F3,0,1,0,0.25,958
24,274,Target,1,1,1,1,955
24,275,F2,0,1,0,0.5,1004
24,276,F3,0,1,0,0.25,980
24,277,F3,0,1,0,0.25,953
24,278,Target,1,1,1,1,970
24,279,F3,0,1,0,0.25,1000
24,280,F2,0,1,0,0.5,1005
24,281,F3,0,1,0,0.25,1010
24,282,F3,0,1,0,0.25,956
24,283,F1,0,1,0,0.75,979
24,284,F3,1,0,0,0.25,1012
24,285,Target,1,1,1,1,1007
24,286,F1,0,1,0,0.75,982
24,287,F1,1,0,0,0.75,983
24,288,F3,0,1,0,0.25,949
24,289,Target,1,1,1,1,982
24,290,F2,0,1,0,0.5,938
24,291,F2,0,1,0,0.5,1014
24,292,F3,0,1,0,0.25,940
24,293,F3,0,1,0,0.25,944
24,294,F1,0,1,0,0.75,948
24,295,F3,0,1,0,0.25,987
24,296,F2,1,0,0,0.5,981
24,297,F3,0,1,0,0.25,972
24,298,F1,1,0,0,0.75,942
24,299,Target,1,1,1,1,978
24,300,F3,0,1,0,0.25,947
24,301,F1,1,0,0,0.75,971
24,302,F3,0,1,0,0.25,1008
24,303,F3,0,1,0,0.25,966
24,304,F1,0,1,0,0.75,1012
24,305,F3,0,1,0,0.25,937
24,306,F1,1,0,0,0.75,962
24,307,F1,0,1,0,0.75,970
24,308,F1,0,1,0,0.75,957
24,309,F1,0,1,0,0.75,980
24,310,F3,0,1,0,0.25,976
24,311,Target,0,0,1,1,1014
24,312,Target,1,1,1,1,956
25,1,F2,1,0,0,0.5,1015
25,2,F3,0,1,0,0.25,1016
25,3,F3,0,1,0,0.25,1017
25,4,F1,0,1,0,0.75,1018
25,5,Target,1,1,1,1,1019
25,6,Target,1,1,1,1,1020
25,7,Target,0,0,1,1,1021
25,8,F1,0,1,0,0.75,1022
25,9,F1,0,1,0,0.75,1023
25,10,F3,0,1,0,0.25,1018
25,11,F3,0,1,0,0.25,1024
25,12,F1,0,1,0,0.75,1025
25,13,F1,1,0,0,0.75,1016
25,14,Target,1,1,1,1,1026
25,15,F1,0,1,0,0.75,1027
25,16,F1,0,1,0,0.75,1028
25,17,F1,0,1,0,0.75,1029
25,18,F2,0,1,0,0.5,1030
25,19,F2,0,1,0,0.5,1031
25,20,F3,0,1,0,0.25,1032
25,21,F2,0,1,0,0.5,1033
25,22,F3,0,1,0,0.25,1034
25,23,F2,0,1,0,0.5,1035
25,24,F1,1,0,0,0.75,1036
25,25,Target,1,1,1,1,1037
25,26,F3,0,1,0,0.25,1038
25,27,F3,0,1,0,0.25,1039
25,28,F2,0,1,0,0.5,1040
25,29,Target,1,1,1,1,1041
25,30,F1,0,1,0,0.75,1042
25,31,F1,1,0,0,0.75,1043
25,32,F1,0,1,0,0.75,1044
25,33,F1,0,1,0,0.75,1045
25,34,F1,0,1,0,0.75,1046
25,35,F3,0,1,0,0.25,1047
25,36,F3,0,1,0,0.25,1048
25,37,Target,1,1,1,1,1049
25,38,Target,1,1,1,1,1050
25,39,F3,0,1,0,0.25,1049
25,40,Target,1,1,1,1,1051
25,41,F3,0,1,0,0.25,1052
25,42,F3,0,1,0,0.25,1043
25,43,F3,0,1,0,0.25,1053
25,44,F1,0,1,0,0.75,1054
25,45,Target,1,1,1,1,1055
25,46,F3,0,1,0,0.25,1056
25,47,F1,1,0,0,0.75,1057
25,48,F3,0,1,0,0.25,1058
25,49,Target,1,1,1,1,1059
25,50,F1,1,0,0,0.75,1059
25,51,F2,0,1,0,0.5,1039
25,52,Target,1,1,1,1,1058
25,53,F2,0,1,0,0.5,1056
25,54,F2,0,1,0,0.5,1060
25,55,F1,0,1,0,0.75,1061
25,56,F2,0,1,0,0.5,1052
25,57,Target,0,0,1,1,1062
25,58,Target,1,1,1,1,1063
25,59,Target,1,1,1,1,1053
25,60,F1,0,1,0,0.75,1024
25,61,Target,1,1,1,1,1064
25,62,F3,0,1,0,0.25,1026
25,63,F3,0,1,0,0.25,1055
25,64,Target,1,1,1,1,1065
25,65,F2,0,1,0,0.5,1037
25,66,Target,1,1,1,1,1039
25,67,F2,0,1,0,0.5,1032
25,68,F2,0,1,0,0.5,1066
25,69,Target,1,1,1,1,1067
25,70,F1,0,1,0,0.75,1068
25,71,F2,0,1,0,0.5,1016
25,72,F3,0,1,0,0.25,1069
25,73,F3,0,1,0,0.25,1070
25,74,F2,0,1,0,0.5,1026
25,75,F1,0,1,0,0.75,1035
25,76,Target,1,1,1,1,1038
25,77,F2,0,1,0,0.5,1028
25,78,F2,0,1,0,0.5,1029
25,79,F2,0,1,0,0.5,1071
25,80,F2,0,1,0,0.5,1070
25,81,Target,1,1,1,1,1031
25,82,F2,0,1,0,0.5,1072
25,83,Target,1,1,1,1,1073
25,84,F3,0,1,0,0.25,1074
25,85,F3,0,1,0,0.25,1044
25,86,F1,1,0,0,0.75,1015
25,87,F1,1,0,0,0.75,1069
25,88,Target,1,1,1,1,1066
25,89,F2,0,1,0,0.5,1038
25,90,Target,1,1,1,1,1025
25,91,F2,0,1,0,0.5,1075
25,92,F1,0,1,0,0.75,1076
25,93,F2,0,1,0,0.5,1077
25,94,F1,0,1,0,0.75,1032
25,95,F3,0,1,0,0.25,1022
25,96,F1,0,1,0,0.75,1040
25,97,Target,1,1,1,1,1078
25,98,Target,1,1,1,1,1061
25,99,F1,0,1,0,0.75,1079
25,100,F1,1,0,0,0.75,1047
25,101,F2,0,1,0,0.5,1080
25,102,Target,1,1,1,1,1048
25,103,F2,0,1,0,0.5,1019
25,104,F3,0,1,0,0.25,1054
25,105,F1,0,1,0,0.75,1077
25,106,F1,0,1,0,0.75,1078
25,107,Target,1,1,1,1,1081
25,108,F2,0,1,0,0.5,1049
25,109,F1,0,1,0,0.75,1031
25,110,F3,0,1,0,0.25,1030
25,111,Target,1,1,1,1,1068
25,112,F3,0,1,0,0.25,1059
25,113,F3,0,1,0,0.25,1028
25,114,F2,0,1,0,0.5,1041
25,115,F1,1,0,0,0.75,1058
25,116,F1,0,1,0,0.75,1052
25,117,F3,0,1,0,0.25,1077
25,118,F1,1,0,0,0.75,1048
25,119,F2,0,1,0,0.5,1057
25,120,F1,0,1,0,0.75,1067
25,121,Target,1,1,1,1,1056
25,122,F1,1,0,0,0.75,1038
25,123,F1,0,1,0,0.75,1049
25,124,Target,1,1,1,1,1047
25,125,F3,0,1,0,0.25,1082
25,126,F1,1,0,0,0.75,1080
25,127,Target,1,1,1,1,1034
25,128,Target,1,1,1,1,1042
25,129,F2,0,1,0,0.5,1021
25,130,F3,0,1,0,0.25,1050
25,131,F1,0,1,0,0.75,1021
25,132,F1,0,1,0,0.75,1065
25,133,F3,0,1,0,0.25,1067
25,134,Target,1,1,1,1,1070
25,135,F3,0,1,0,0.25,1029
25,136,Target,1,1,1,1,1071
25,137,F2,0,1,0,0.5,1024
25,138,F3,0,1,0,0.25,1027
25,139,F1,0,1,0,0.75,1064
25,140,F2,0,1,0,0.5,1058
25,141,F1,0,1,0,0.75,1050
25,142,F3,0,1,0,0.25,1036
25,143,F2,0,1,0,0.5,1053
25,144,F3,0,1,0,0.25,1023
25,145,F1,0,1,0,0.75,1083
25,146,Target,1,1,1,1,1040
25,147,F1,0,1,0,0.75,1082
25,148,F2,0,1,0,0.5,1043
25,149,F1,0,1,0,0.75,1030
25,150,F2,0,1,0,0.5,1045
25,151,Target,1,1,1,1,1015
25,152,F3,0,1,0,0.25,1084
25,153,F1,0,1,0,0.75,1060
25,154,F2,0,1,0,0.5,1073
25,155,F3,0,1,0,0.25,1025
25,156,Target,1,1,1,1,1085
25,157,Target,1,1,1,1,1029
25,158,Target,1,1,1,1,1016
25,159,F3,0,1,0,0.25,1035
25,160,F2,0,1,0,0.5,1082
25,161,F2,0,1,0,0.5,1046
25,162,F3,0,1,0,0.25,1021
25,163,F2,1,0,0,0.5,1086
25,164,F2,0,1,0,0.5,1020
25,165,F3,0,1,0,0.25,1085
25,166,Target,1,1,1,1,1076
25,167,F1,1,0,0,0.75,1087
25,168,F2,0,1,0,0.5,1048
25,169,F1,0,1,0,0.75,1063
25,170,F2,1,0,0,0.5,1017
25,171,F1,1,0,0,0.75,1074
25,172,Target,1,1,1,1,1033
25,173,Target,1,1,1,1,1086
25,174,Target,1,1,1,1,1075
25,175,F3,0,1,0,0.25,1078
25,176,Target,1,1,1,1,1088
25,177,F2,0,1,0,0.5,1036
25,178,F2,0,1,0,0.5,1050
25,179,Target,1,1,1,1,1022
25,180,F2,0,1,0,0.5,1063
25,181,F2,0,1,0,0.5,1089
25,182,F3,0,1,0,0.25,1057
25,183,F3,0,1,0,0.25,1080
25,184,Target,0,0,1,1,1023
25,185,F1,1,0,0,0.75,1037
25,186,F2,0,1,0,0.5,1061
25,187,Target,1,1,1,1,1069
25,188,Target,1,1,1,1,1083
25,189,F1,0,1,0,0.75,1072
25,190,Target,1,1,1,1,1043
25,191,F1,0,1,0,0.75,1051
25,192,F1,1,0,0,0.75,1034
25,193,F2,0,1,0,0.5,1085
25,194,F2,0,1,0,0.5,1023
25,195,Target,1,1,1,1,1074
25,196,F1,0,1,0,0.75,1071
25,197,F3,0,1,0,0.25,1072
25,198,Target,1,1,1,1,1024
25,199,F3,0,1,0,0.25,1041
25,200,F1,1,0,0,0.75,1070
25,201,F3,0,1,0,0.25,1037
25,202,F1,0,1,0,0.75,1088
25,203,F2,0,1,0,0.5,1054
25,204,F1,1,0,0,0.75,1090
25,205,F1,0,1,0,0.75,1062
25,206,F3,0,1,0,0.25,1060
25,207,F2,0,1,0,0.5,1081
25,208,F1,0,1,0,0.75,1055
25,209,F2,0,1,0,0.5,1084
25,210,F1,1,0,0,0.75,1019
25,211,Target,1,1,1,1,1079
25,212,F1,0,1,0,0.75,1085
25,213,F2,0,1,0,0.5,1059
25,214,F3,0,1,0,0.25,1033
25,215,F1,0,1,0,0.75,1053
25,216,F2,0,1,0,0.5,1076
25,217,F3,0,1,0,0.25,1066
25,218,F3,0,1,0,0.25,1089
25,219,Target,1,1,1,1,1057
25,220,Target,1,1,1,1,1090
25,221,Target,1,1,1,1,1077
25,222,F2,0,1,0,0.5,1090
25,223,F3,0,1,0,0.25,1083
25,224,F3,0,1,0,0.25,1088
25,225,F3,0,1,0,0.25,1086
25,226,F1,0,1,0,0.75,1056
25,227,F2,0,1,0,0.5,1078
25,228,F1,0,1,0,0.75,1084
25,229,F2,0,1,0,0.5,1067
25,230,F3,0,1,0,0.25,1046
25,231,F1,0,1,0,0.75,1075
25,232,F3,0,1,0,0.25,1065
25,233,Target,1,1,1,1,1052
25,234,F2,0,1,0,0.5,1047
25,235,F1,0,1,0,0.75,1026
25,236,F3,0,1,0,0.25,1079
25,237,F2,1,0,0,0.5,1091
25,238,F1,1,0,0,0.75,1041
25,239,F2,0,1,0,0.5,1062
25,240,Target,1,1,1,1,1045
25,241,F1,0,1,0,0.75,1020
25,242,F2,1,0,0,0.5,1069
25,243,F2,1,0,0,0.5,1051
25,244,Target,1,1,1,1,1032
25,245,F1,1,0,0,0.75,1091
25,246,Target,1,1,1,1,1072
25,247,F3,0,1,0,0.25,1071
25,248,F3,0,1,0,0.25,1051
25,249,F2,0,1,0,0.5,1068
25,250,F2,0,1,0,0.5,1087
25,251,F2,0,1,0,0.5,1025
25,252,F3,0,1,0,0.25,1076
25,253,Target,0,0,1,1,1028
25,254,F2,0,1,0,0.5,1027
25,255,Target,0,0,1,1,1030
25,256,F3,0,1,0,0.25,1087
25,257,F2,0,1,0,0.5,1034
25,258,F3,0,1,0,0.25,1061
25,259,F3,0,1,0,0.25,1020
25,260,F1,1,0,0,0.75,1092
25,261,F3,0,1,0,0.25,1075
25,262,F2,0,1,0,0.5,1083
25,263,F3,0,1,0,0.25,1019
25,264,Target,1,1,1,1,1091
25,265,Target,1,1,1,1,1054
25,266,F3,0,1,0,0.25,1031
25,267,F1,1,0,0,0.75,1089
25,268,F2,0,1,0,0.5,1064
25,269,Target,1,1,1,1,1044
25,270,F1,0,1,0,0.75,1033
25,271,F1,1,0,0,0.75,1017
25,272,Target,1,1,1,1,1017
25,273,Target,0,0,1,1,1036
25,274,F3,0,1,0,0.25,1064
25,275,F2,0,1,0,0.5,1022
25,276,F3,1,0,0,0.25,1042
25,277,F1,1,0,0,0.75,1086
25,278,F2,0,1,0,0.5,1065
25,279,F2,0,1,0,0.5,1055
25,280,F2,0,1,0,0.5,1079
25,281,F3,0,1,0,0.25,1015
25,282,F3,0,1,0,0.25,1091
25,283,Target,1,1,1,1,1060
25,284,F1,0,1,0,0.75,1039
25,285,Target,1,1,1,1,1035
25,286,F3,0,1,0,0.25,1068
25,287,Target,1,1,1,1,1092
25,288,Target,1,1,1,1,1087
25,289,Target,1,1,1,1,1046
25,290,F2,0,1,0,0.5,1092
25,291,Target,1,1,1,1,1018
25,292,F3,0,1,0,0.25,1045
25,293,F2,0,1,0,0.5,1044
25,294,F2,0,1,0,0.5,1018
25,295,Target,1,1,1,1,1082
25,296,F3,0,1,0,0.25,1062
25,297,F1,0,1,0,0.75,1073
25,298,F3,0,1,0,0.25,1081
25,299,F3,0,1,0,0.25,1063
25,300,Target,1,1,1,1,1027
25,301,Target,1,1,1,1,1089
25,302,F3,0,1,0,0.25,1090
25,303,F1,0,1,0,0.75,1066
25,304,Target,1,1,1,1,1084
25,305,F2,0,1,0,0.5,1042
25,306,F1,0,1,0,0.75,1081
25,307,F3,0,1,0,0.25,1073
25,308,Target,1,1,1,1,1080
25,309,F2,0,1,0,0.5,1074
25,310,F2,0,1,0,0.5,1088
25,311,F3,0,1,0,0.25,1040
25,312,F3,0,1,0,0.25,1092
26,1,F2,1,0,0,0.5,1093
26,2,Target,1,1,1,1,1094
26,3,F2,1,0,0,0.5,1095
26,4,F1,0,1,0,0.75,1096
26,5,Target,1,1,1,1,1097
26,6,F2,1,0,0,0.5,1098
26,7,F2,0,1,0,0.5,1099
26,8,F1,0,1,0,0.75,1100
26,9,F1,0,1,0,0.75,1101
26,10,F3,1,0,0,0.25,1102
26,11,F1,0,1,0,0.75,1103
26,12,F3,1,0,0,0.25,1097
26,13,F3,1,0,0,0.25,1104
26,14,F1,0,1,0,0.75,1105
26,15,F1,1,0,0,0.75,1106
26,16,F3,0,1,0,0.25,1107
26,17,F1,0,1,0,0.75,1108
26,18,F3,0,1,0,0.25,1109
26,19,F2,0,1,0,0.5,1108
26,20,F3,0,1,0,0.25,1110
26,21,F1,0,1,0,0.75,1111
26,22,F1,0,1,0,0.75,1112
26,23,Target,1,1,1,1,1113
26,24,Target,1,1,1,1,1114
26,25,Target,1,1,1,1,1105
26,26,F3,0,1,0,0.25,1099
26,27,F3,0,1,0,0.25,1115
26,28,Target,1,1,1,1,1108
26,29,Target,1,1,1,1,1116
26,30,F2,0,1,0,0.5,1094
26,31,Target,1,1,1,1,1117
26,32,F2,1,0,0,0.5,1111
26,33,F2,0,1,0,0.5,1118
26,34,F1,0,1,0,0.75,1119
26,35,Target,1,1,1,1,1120
26,36,F1,0,1,0,0.75,1121
26,37,Target,1,1,1,1,1122
26,38,F2,1,0,0,0.5,1123
26,39,F2,0,1,0,0.5,1124
26,40,F3,0,1,0,0.25,1125
26,41,F3,0,1,0,0.25,1126
26,42,Target,1,1,1,1,1127
26,43,F1,0,1,0,0.75,1117
26,44,F2,0,1,0,0.5,1128
26,45,Target,1,1,1,1,1095
26,46,Target,0,0,1,1,1126
26,47,F2,0,1,0,0.5,1129
26,48,Target,1,1,1,1,1130
26,49,F1,1,0,0,0.75,1131
26,50,F1,1,0,0,0.75,1132
26,51,F2,0,1,0,0.5,1133
26,52,F2,0,1,0,0.5,1100
26,53,F2,0,1,0,0.5,1134
26,54,F1,0,1,0,0.75,1135
26,55,Target,1,1,1,1,1136
26,56,F1,0,1,0,0.75,1137
26,57,Target,1,1,1,1,1138
26,58,Target,1,1,1,1,1139
26,59,Target,0,0,1,1,1140
26,60,Target,1,1,1,1,1119
26,61,F3,0,1,0,0.25,1141
26,62,F1,1,0,0,0.75,1142
26,63,F3,0,1,0,0.25,1143
26,64,Target,1,1,1,1,1144
26,65,F3,0,1,0,0.25,1145
26,66,Target,0,0,1,1,1146
26,67,F3,0,1,0,0.25,1117
26,68,F3,1,0,0,0.25,1147
26,69,Target,0,0,1,1,1145
26,70,F2,1,0,0,0.5,1148
26,71,Target,1,1,1,1,1124
26,72,F3,0,1,0,0.25,1095
26,73,Target,1,1,1,1,1149
26,74,F2,1,0,0,0.5,1121
26,75,F3,1,0,0,0.25,1150
26,76,F1,0,1,0,0.75,1099
26,77,Target,1,1,1,1,1142
26,78,F1,1,0,0,0.75,1151
26,79,F3,0,1,0,0.25,1134
26,80,F1,0,1,0,0.75,1152
26,81,F1,0,1,0,0.75,1153
26,82,Target,1,1,1,1,1093
26,83,F3,0,1,0,0.25,1154
26,84,F2,0,1,0,0.5,1146
26,85,F2,0,1,0,0.5,1155
26,86,F2,0,1,0,0.5,1105
26,87,F2,1,0,0,0.5,1140
26,88,F2,0,1,0,0.5,1156
26,89,F1,1,0,0,0.75,1157
26,90,F1,0,1,0,0.75,1158
26,91,Target,0,0,1,1,1159
26,92,Target,1,1,1,1,1106
26,93,F2,0,1,0,0.5,1112
26,94,F1,1,0,0,0.75,1129
26,95,F2,0,1,0,0.5,1142
26,96,F1,0,1,0,0.75,1150
26,97,F2,1,0,0,0.5,1159
26,98,F2,0,1,0,0.5,1144
26,99,F3,0,1,0,0.25,1160
26,100,F1,0,1,0,0.75,1124
26,101,F2,1,0,0,0.5,1104
26,102,Target,1,1,1,1,1151
26,103,F3,0,1,0,0.25,1158
26,104,F3,0,1,0,0.25,1101
26,105,F2,0,1,0,0.5,1152
26,106,F3,0,1,0,0.25,1121
26,107,Target,1,1,1,1,1147
26,108,Target,1,1,1,1,1104
26,109,F3,1,0,0,0.25,1139
26,110,F1,1,0,0,0.75,1138
26,111,F1,0,1,0,0.75,1134
26,112,Target,1,1,1,1,1161
26,113,F1,0,1,0,0.75,1127
26,114,F1,1,0,0,0.75,1162
26,115,F1,0,1,0,0.75,1154
26,116,Target,1,1,1,1,1158
26,117,Target,1,1,1,1,1163
26,118,F3,0,1,0,0.25,1135
26,119,F2,1,0,0,0.5,1126
26,120,F1,1,0,0,0.75,1139
26,121,F2,0,1,0,0.5,1147
26,122,Target,1,1,1,1,1141
26,123,F3,0,1,0,0.25,1124
26,124,F2,0,1,0,0.5,1138
26,125,F3,0,1,0,0.25,1149
26,126,Target,1,1,1,1,1164
26,127,Target,1,1,1,1,1112
26,128,F3,0,1,0,0.25,1152
26,129,F2,1,0,0,0.5,1150
26,130,F3,0,1,0,0.25,1127
26,131,F3,0,1,0,0.25,1138
26,132,Target,1,1,1,1,1102
26,133,F2,0,1,0,0.5,1163
26,134,F1,0,1,0,0.75,1136
26,135,F3,0,1,0,0.25,1163
26,136,Target,1,1,1,1,1155
26,137,Target,1,1,1,1,1152
26,138,Target,1,1,1,1,1110
26,139,F1,0,1,0,0.75,1165
26,140,Target,1,1,1,1,1166
26,141,F3,0,1,0,0.25,1142
26,142,F1,1,0,0,0.75,1120
26,143,F3,0,1,0,0.25,1094
26,144,F1,0,1,0,0.75,1109
26,145,F2,0,1,0,0.5,1151
26,146,F2,1,0,0,0.5,1131
26,147,F1,0,1,0,0.75,1164
26,148,F2,0,1,0,0.5,1109
26,149,F1,0,1,0,0.75,1097
26,150,F2,0,1,0,0.5,1120
26,151,Target,1,1,1,1,1167
26,152,F1,0,1,0,0.75,1113
26,153,F2,0,1,0,0.5,1161
26,154,F2,0,1,0,0.5,1149
26,155,F2,0,1,0,0.5,1132
26,156,F2,0,1,0,0.5,1115
26,157,F1,0,1,0,0.75,1168
26,158,F1,0,1,0,0.75,1147
26,159,F3,0,1,0,0.25,1167
26,160,F1,0,1,0,0.75,1163
26,161,F3,0,1,0,0.25,1162
26,162,F2,1,0,0,0.5,1143
26,163,F1,0,1,0,0.75,1167
26,164,F3,0,1,0,0.25,1164
26,165,F1,0,1,0,0.75,1104
26,166,Target,0,0,1,1,1148
26,167,F1,0,1,0,0.75,1133
26,168,Target,1,1,1,1,1162
26,169,Target,1,1,1,1,1115
26,170,F2,0,1,0,0.5,1162
26,171,Target,1,1,1,1,1128
26,172,F2,0,1,0,0.5,1167
26,173,F3,0,1,0,0.25,1153
26,174,F2,0,1,0,0.5,1122
26,175,F3,0,1,0,0.25,1146
26,176,F1,0,1,0,0.75,1156
26,177,F3,0,1,0,0.25,1116
26,178,F3,0,1,0,0.25,1166
26,179,F2,0,1,0,0.5,1106
26,180,F3,0,1,0,0.25,1132
26,181,F2,1,0,0,0.5,1125
26,182,F2,0,1,0,0.5,1101
26,183,F3,0,1,0,0.25,1165
26,184,Target,1,1,1,1,1154
26,185,Target,0,0,1,1,1143
26,186,Target,1,1,1,1,1156
26,187,F2,0,1,0,0.5,1164
26,188,F3,0,1,0,0.25,1106
26,189,F1,0,1,0,0.75,1161
26,190,F3,0,1,0,0.25,1169
26,191,F3,0,1,0,0.25,1151
26,192,F3,0,1,0,0.25,1130
26,193,F1,0,1,0,0.75,1149
26,194,F3,0,1,0,0.25,1093
26,195,F2,1,0,0,0.5,1135
26,196,Target,0,0,1,1,1168
26,197,F2,1,0,0,0.5,1127
26,198,F2,0,1,0,0.5,1116
26,199,F2,0,1,0,0.5,1153
26,200,F2,0,1,0,0.5,1113
26,201,F1,0,1,0,0.75,1094
26,202,Target,1,1,1,1,1103
26,203,F1,1,0,0,0.75,1110
26,204,F2,0,1,0,0.5,1119
26,205,Target,1,1,1,1,1169
26,206,F1,0,1,0,0.75,1126
26,207,Target,0,0,1,1,1109
26,208,F2,0,1,0,0.5,1139
26,209,F3,0,1,0,0.25,1118
26,210,Target,1,1,1,1,1123
26,211,F3,1,0,0,0.25,1156
26,212,Target,0,0,1,1,1134
26,213,Target,1,1,1,1,1118
26,214,F2,0,1,0,0.5,1103
26,215,Target,1,1,1,1,1132
26,216,F1,1,0,0,0.75,1095
26,217,Target,0,0,1,1,1131
26,218,F3,0,1,0,0.25,1113
26,219,F3,0,1,0,0.25,1112
26,220,F2,0,1,0,0.5,1114
26,221,F3,0,1,0,0.25,1136
26,222,F2,0,1,0,0.5,1158
26,223,F2,0,1,0,0.5,1145
26,224,F1,1,0,0,0.75,1115
26,225,F1,0,1,0,0.75,1102
26,226,F3,0,1,0,0.25,1144
26,227,F3,0,1,0,0.25,1119
26,228,F1,0,1,0,0.75,1118
26,229,F3,0,1,0,0.25,1137
26,230,F2,0,1,0,0.5,1097
26,231,Target,1,1,1,1,1111
26,232,F1,1,0,0,0.75,1125
26,233,F3,0,1,0,0.25,1105
26,234,F1,0,1,0,0.75,1098
26,235,F1,1,0,0,0.75,1159
26,236,F3,0,1,0,0.25,1155
26,237,F2,0,1,0,0.5,1165
26,238,F1,0,1,0,0.75,1143
26,239,F2,0,1,0,0.5,1110
26,240,F1,0,1,0,0.75,1146
26,241,F3,0,1,0,0.25,1096
26,242,F2,0,1,0,0.5,1170
26,243,Target,1,1,1,1,1133
26,244,F1,0,1,0,0.75,1169
26,245,Target,0,0,1,1,1107
26,246,F2,0,1,0,0.5,1168
26,247,F1,0,1,0,0.75,1160
26,248,F3,0,1,0,0.25,1114
26,249,F1,0,1,0,0.75,1107
26,250,F3,0,1,0,0.25,1159
26,251,F3,0,1,0,0.25,1133
26,252,Target,1,1,1,1,1157
26,253,F3,0,1,0,0.25,1168
26,254,F1,0,1,0,0.75,1128
26,255,F2,0,1,0,0.5,1169
26,256,Target,1,1,1,1,1153
26,257,F2,0,1,0,0.5,1117
26,258,F2,0,1,0,0.5,1141
26,259,Target,0,0,1,1,1135
26,260,F1,0,1,0,0.75,1093
26,261,F2,0,1,0,0.5,1096
26,262,F2,1,0,0,0.5,1137
26,263,Target,1,1,1,1,1125
26,264,F1,1,0,0,0.75,1148
26,265,F3,0,1,0,0.25,1129
26,266,F2,0,1,0,0.5,1102
26,267,Target,1,1,1,1,1160
26,268,F3,0,1,0,0.25,1131
26,269,Target,0,0,1,1,1137
26,270,Target,0,0,1,1,1100
26,271,F2,0,1,0,0.5,1107
26,272,F3,0,1,0,0.25,1103
26,273,F3,0,1,0,0.25,1120
26,274,F3,0,1,0,0.25,1111
26,275,F1,0,1,0,0.75,1141
26,276,F3,0,1,0,0.25,1100
26,277,F2,0,1,0,0.5,1160
26,278,F1,0,1,0,0.75,1155
26,279,Target,1,1,1,1,1121
26,280,Target,1,1,1,1,1101
26,281,Target,1,1,1,1,1129
26,282,Target,0,0,1,1,1098
26,283,Target,1,1,1,1,1165
26,284,F1,0,1,0,0.75,1116
26,285,F3,0,1,0,0.25,1157
26,286,F3,0,1,0,0.25,1161
26,287,Target,0,0,1,1,1150
26,288,F1,1,0,0,0.75,1114
26,289,F1,1,0,0,0.75,1130
26,290,F2,0,1,0,0.5,1154
26,291,Target,1,1,1,1,1099
26,292,F3,0,1,0,0.25,1123
26,293,F2,0,1,0,0.5,1166
26,294,F3,0,1,0,0.25,1122
26,295,F3,0,1,0,0.25,1108
26,296,F3,0,1,0,0.25,1098
26,297,Target,1,1,1,1,1170
26,298,Target,0,0,1,1,1096
26,299,F2,0,1,0,0.5,1157
26,300,F1,0,1,0,0.75,1144
26,301,F1,0,1,0,0.75,1122
26,302,F3,0,1,0,0.25,1148
26,303,F2,0,1,0,0.5,1136
26,304,F1,0,1,0,0.75,1166
26,305,F2,0,1,0,0.5,1130
26,306,F1,0,1,0,0.75,1170
26,307,F3,0,1,0,0.25,1170
26,308,F1,0,1,0,0.75,1123
26,309,F3,0,1,0,0.25,1140
26,310,F1,0,1,0,0.75,1145
26,311,F3,0,1,0,0.25,1128
26,312,F1,1,0,0,0.75,1140
27,1,F2,1,0,0,0.5,1171
27,2,F3,1,0,0,0.25,1172
27,3,F3,1,0,0,0.25,1173
27,4,F2,1,0,0,0.5,1174
27,5,F2,1,0,0,0.5,1175
27,6,F3,1,0,0,0.25,1176
27,7,F2,0,1,0,0.5,1172
27,8,F3,0,1,0,0.25,1177
27,9,F2,0,1,0,0.5,1178
27,10,F1,1,0,0,0.75,1171
27,11,F2,1,0,0,0.5,1179
27,12,Target,1,1,1,1,1180
27,13,F1,1,0,0,0.75,1174
27,14,Target,1,1,1,1,1181
27,15,F2,0,1,0,0.5,1182
27,16,Target,1,1,1,1,1183
27,17,F2,0,1,0,0.5,1184
27,18,Target,1,1,1,1,1185
27,19,Target,1,1,1,1,1186
27,20,Target,1,1,1,1,1187
27,21,Target,1,1,1,1,1184
27,22,F3,0,1,0,0.25,1188
27,23,Target,1,1,1,1,1189
27,24,F2,1,0,0,0.5,1190
27,25,F1,1,0,0,0.75,1191
27,26,Target,1,1,1,1,1192
27,27,F2,0,1,0,0.5,1193
27,28,F1,1,0,0,0.75,1194
27,29,Target,1,1,1,1,1195
27,30,F2,0,1,0,0.5,1196
27,31,Target,1,1,1,1,1197
27,32,F2,0,1,0,0.5,1180
27,33,F3,1,0,0,0.25,1198
27,34,F1,0,1,0,0.75,1199
27,35,Target,0,0,1,1,1200
27,36,F3,0,1,0,0.25,1201
27,37,F1,1,0,0,0.75,1202
27,38,F3,0,1,0,0.25,1183
27,39,Target,1,1,1,1,1173
27,40,F1,1,0,0,0.75,1188
27,41,F1,1,0,0,0.75,1203
27,42,F3,0,1,0,0.25,1184
27,43,F3,0,1,0,0.25,1204
27,44,F1,1,0,0,0.75,1173
27,45,F1,0,1,0,0.75,1205
27,46,F2,0,1,0,0.5,1206
27,47,F2,0,1,0,0.5,1186
27,48,F2,0,1,0,0.5,1173
27,49,F1,1,0,0,0.75,1207
27,50,Target,1,1,1,1,1178
27,51,Target,1,1,1,1,1198
27,52,F3,0,1,0,0.25,1208
27,53,Target,1,1,1,1,1205
27,54,Target,0,0,1,1,1208
27,55,F1,0,1,0,0.75,1209
27,56,F2,1,0,0,0.5,1195
27,57,Target,1,1,1,1,1210
27,58,F3,0,1,0,0.25,1200
27,59,F1,1,0,0,0.75,1177
27,60,F3,0,1,0,0.25,1211
27,61,Target,1,1,1,1,1212
27,62,F1,1,0,0,0.75,1201
27,63,Target,1,1,1,1,1213
27,64,F3,0,1,0,0.25,1214
27,65,F2,0,1,0,0.5,1215
27,66,Target,1,1,1,1,1216
27,67,F3,0,1,0,0.25,1178
27,68,F3,0,1,0,0.25,1192
27,69,F1,1,0,0,0.75,1212
27,70,F3,0,1,0,0.25,1212
27,71,F1,1,0,0,0.75,1217
27,72,Target,1,1,1,1,1204
27,73,F3,0,1,0,0.25,1218
27,74,Target,1,1,1,1,1219
27,75,Target,1,1,1,1,1220
27,76,Target,1,1,1,1,1199
27,77,F2,0,1,0,0.5,1221
27,78,F3,0,1,0,0.25,1222
27,79,F2,0,1,0,0.5,1201
27,80,F1,0,1,0,0.75,1182
27,81,Target,1,1,1,1,1177
27,82,F3,0,1,0,0.25,1223
27,83,F1,0,1,0,0.75,1208
27,84,F3,0,1,0,0.25,1224
27,85,F1,1,0,0,0.75,1183
27,86,F1,0,1,0,0.75,1196
27,87,F3,0,1,0,0.25,1221
27,88,Target,0,0,1,1,1174
27,89,F3,0,1,0,0.25,1225
27,90,Target,1,1,1,1,1172
27,91,Target,1,1,1,1,1194
27,92,F2,0,1,0,0.5,1220
27,93,F2,0,1,0,0.5,1210
27,94,F2,0,1,0,0.5,1226
27,95,F2,0,1,0,0.5,1202
27,96,F1,0,1,0,0.75,1221
27,97,F1,0,1,0,0.75,1218
27,98,F3,0,1,0,0.25,1186
27,99,F1,1,0,0,0.75,1216
27,100,F3,0,1,0,0.25,1195
27,101,F3,0,1,0,0.25,1179
27,102,F2,0,1,0,0.5,1192
27,103,F3,0,1,0,0.25,1227
27,104,F3,1,0,0,0.25,1228
27,105,F3,0,1,0,0.25,1210
27,106,F2,0,1,0,0.5,1224
27,107,Target,1,1,1,1,1179
27,108,F3,0,1,0,0.25,1197
27,109,F1,0,1,0,0.75,1197
27,110,Target,1,1,1,1,1227
27,111,Target,1,1,1,1,1202
27,112,F2,0,1,0,0.5,1229
27,113,Target,1,1,1,1,1188
27,114,Target,1,1,1,1,1230
27,115,Target,1,1,1,1,1196
27,116,F2,1,0,0,0.5,1231
27,117,F3,1,0,0,0.25,1232
27,118,F1,0,1,0,0.75,1228
27,119,F3,0,1,0,0.25,1205
27,120,F1,1,0,0,0.75,1233
27,121,F3,1,0,0,0.25,1234
27,122,F3,0,1,0,0.25,1199
27,123,F3,1,0,0,0.25,1235
27,124,F1,0,1,0,0.75,1219
27,125,F1,1,0,0,0.75,1190
27,126,F1,0,1,0,0.75,1172
27,127,F2,0,1,0,0.5,1234
27,128,F3,0,1,0,0.25,1217
27,129,F2,1,0,0,0.5,1222
27,130,F3,0,1,0,0.25,1215
27,131,Target,0,0,1,1,1236
27,132,F2,0,1,0,0.5,1212
27,133,F3,0,1,0,0.25,1233
27,134,F1,1,0,0,0.75,1204
27,135,F3,0,1,0,0.25,1171
27,136,F2,1,0,0,0.5,1209
27,137,F1,0,1,0,0.75,1232
27,138,Target,1,1,1,1,1237
27,139,F3,0,1,0,0.25,1209
27,140,F3,1,0,0,0.25,1238
27,141,F3,0,1,0,0.25,1226
27,142,F3,0,1,0,0.25,1236
27,143,F2,0,1,0,0.5,1204
27,144,F2,0,1,0,0.5,1239
27,145,F3,0,1,0,0.25,1193
27,146,Target,0,0,1,1,1240
27,147,F3,0,1,0,0.25,1175
27,148,F2,0,1,0,0.5,1235
27,149,F1,0,1,0,0.75,1222
27,150,F2,0,1,0,0.5,1237
27,151,F2,1,0,0,0.5,1241
27,152,F1,0,1,0,0.75,1220
27,153,F2,1,0,0,0.5,1238
27,154,F1,0,1,0,0.75,1242
27,155,F2,0,1,0,0.5,1199
27,156,Target,0,0,1,1,1191
27,157,F2,0,1,0,0.5,1205
27,158,F1,0,1,0,0.75,1241
27,159,F3,0,1,0,0.25,1174
27,160,Target,1,1,1,1,1243
27,161,F3,0,1,0,0.25,1244
27,162,F2,0,1,0,0.5,1194
27,163,Target,0,0,1,1,1206
27,164,F2,1,0,0,0.5,1219
27,165,Target,1,1,1,1,1242
27,166,F2,0,1,0,0.5,1207
27,167,F1,0,1,0,0.75,1211
27,168,Target,1,1,1,1,1239
27,169,F3,0,1,0,0.25,1241
27,170,F1,1,0,0,0.75,1193
27,171,F2,0,1,0,0.5,1200
27,172,F3,0,1,0,0.25,1182
27,173,F1,0,1,0,0.75,1180
27,174,F2,0,1,0,0.5,1208
27,175,Target,1,1,1,1,1245
27,176,F1,0,1,0,0.75,1200
27,177,F1,1,0,0,0.75,1246
27,178,F1,0,1,0,0.75,1227
27,179,F2,0,1,0,0.5,1230
27,180,F2,0,1,0,0.5,1242
27,181,F3,0,1,0,0.25,1206
27,182,Target,0,0,1,1,1171
27,183,F3,0,1,0,0.25,1237
27,184,Target,1,1,1,1,1246
27,185,F2,0,1,0,0.5,1191
27,186,F1,1,0,0,0.75,1198
27,187,Target,1,1,1,1,1211
27,188,F1,1,0,0,0.75,1186
27,189,F2,0,1,0,0.5,1211
27,190,Target,0,0,1,1,1207
27,191,Target,0,0,1,1,1215
27,192,F1,1,0,0,0.75,1185
27,193,F3,0,1,0,0.25,1245
27,194,F3,0,1,0,0.25,1191
27,195,F3,0,1,0,0.25,1207
27,196,F1,0,1,0,0.75,1247
27,197,F2,0,1,0,0.5,1183
27,198,F1,1,0,0,0.75,1214
27,199,F1,0,1,0,0.75,1245
27,200,F1,0,1,0,0.75,1189
27,201,F1,1,0,0,0.75,1192
27,202,F1,0,1,0,0.75,1240
27,203,F2,0,1,0,0.5,1246
27,204,F3,0,1,0,0.25,1180
27,205,F2,1,0,0,0.5,1223
27,206,F2,0,1,0,0.5,1185
27,207,F1,0,1,0,0.75,1179
27,208,F3,0,1,0,0.25,1202
27,209,Target,0,0,1,1,1201
27,210,F2,0,1,0,0.5,1198
27,211,F2,0,1,0,0.5,1181
27,212,F2,1,0,0,0.5,1188
27,213,F2,0,1,0,0.5,1247
27,214,F3,0,1,0,0.25,1246
27,215,F2,1,0,0,0.5,1177
27,216,F1,0,1,0,0.75,1215
27,217,F1,0,1,0,0.75,1230
27,218,Target,0,0,1,1,1241
27,219,F3,0,1,0,0.25,1240
27,220,Target,0,0,1,1,1193
27,221,F2,0,1,0,0.5,1248
27,222,F1,0,1,0,0.75,1239
27,223,Target,1,1,1,1,1247
27,224,Target,0,0,1,1,1223
27,225,F3,0,1,0,0.25,1216
27,226,F1,0,1,0,0.75,1184
27,227,Target,1,1,1,1,1238
27,228,F1,1,0,0,0.75,1229
27,229,F2,0,1,0,0.5,1197
27,230,Target,1,1,1,1,1233
27,231,F3,0,1,0,0.25,1196
27,232,F2,0,1,0,0.5,1227
27,233,F3,1,0,0,0.25,1190
27,234,F1,1,0,0,0.75,1176
27,235,F3,0,1,0,0.25,1230
27,236,F1,0,1,0,0.75,1237
27,237,F1,1,0,0,0.75,1225
27,238,F3,0,1,0,0.25,1242
27,239,F3,0,1,0,0.25,1213
27,240,Target,1,1,1,1,1203
27,241,F2,1,0,0,0.5,1214
27,242,F2,0,1,0,0.5,1240
27,243,F1,0,1,0,0.75,1244
27,244,F1,1,0,0,0.75,1175
27,245,F2,0,1,0,0.5,1203
27,246,F1,0,1,0,0.75,1234
27,247,F2,0,1,0,0.5,1218
27,248,F2,1,0,0,0.5,1225
27,249,Target,1,1,1,1,1182
27,250,F2,1,0,0,0.5,1232
27,251,F1,1,0,0,0.75,1187
27,252,F3,0,1,0,0.25,1194
27,253,F1,0,1,0,0.75,1195
27,254,F2,1,0,0,0.5,1233
27,255,Target,1,1,1,1,1248
27,256,Target,0,0,1,1,1232
27,257,Target,1,1,1,1,1190
27,258,Target,1,1,1,1,1217
27,259,F1,0,1,0,0.75,1243
27,260,F3,0,1,0,0.25,1247
27,261,Target,1,1,1,1,1235
27,262,Target,0,0,1,1,1221
27,263,Target,1,1,1,1,1226
27,264,F2,0,1,0,0.5,1244
27,265,F1,0,1,0,0.75,1181
27,266,Target,1,1,1,1,1218
27,267,F2,0,1,0,0.5,1245
27,268,Target,0,0,1,1,1244
27,269,F3,0,1,0,0.25,1220
27,270,F2,1,0,0,0.5,1213
27,271,F1,1,0,0,0.75,1223
27,272,Target,0,0,1,1,1214
27,273,F3,0,1,0,0.25,1239
27,274,F3,0,1,0,0.25,1248
27,275,F2,0,1,0,0.5,1176
27,276,Target,0,0,1,1,1222
27,277,F1,0,1,0,0.75,1213
27,278,Target,1,1,1,1,1225
27,279,Target,1,1,1,1,1209
27,280,F1,0,1,0,0.75,1236
27,281,F2,0,1,0,0.5,1189
27,282,Target,1,1,1,1,1234
27,283,F3,0,1,0,0.25,1219
27,284,F1,1,0,0,0.75,1231
27,285,F1,0,1,0,0.75,1210
27,286,Target,1,1,1,1,1175
27,287,F3,0,1,0,0.25,1181
27,288,F1,0,1,0,0.75,1226
27,289,F3,0,1,0,0.25,1189
27,290,Target,0,0,1,1,1176
27,291,F3,1,0,0,0.25,1229
27,292,F3,0,1,0,0.25,1243
27,293,F1,0,1,0,0.75,1206
27,294,Target,1,1,1,1,1231
27,295,F2,0,1,0,0.5,1187
27,296,F2,0,1,0,0.5,1236
27,297,Target,0,0,1,1,1229
27,298,Target,1,1,1,1,1228
27,299,F1,0,1,0,0.75,1248
27,300,F1,1,0,0,0.75,1224
27,301,F2,0,1,0,0.5,1217
27,302,Target,0,0,1,1,1224
27,303,F2,0,1,0,0.5,1243
27,304,F3,0,1,0,0.25,1187
27,305,F3,0,1,0,0.25,1203
27,306,F1,0,1,0,0.75,1178
27,307,F1,1,0,0,0.75,1238
27,308,F2,0,1,0,0.5,1216
27,309,F3,1,0,0,0.25,1231
27,310,F1,0,1,0,0.75,1235
27,311,F3,0,1,0,0.25,1185
27,312,F2,1,0,0,0.5,1228
28,1,Target,1,1,1,1,1249
28,2,F3,1,0,0,0.25,1250
28,3,F2,1,0,0,0.5,1251
28,4,F1,1,0,0,0.75,1252
28,5,Target,1,1,1,1,1253
28,6,F1,0,1,0,0.75,1254
28,7,F3,0,1,0,0.25,1255
28,8,F2,1,0,0,0.5,1250
28,9,F2,1,0,0,0.5,1256
28,10,Target,1,1,1,1,1257
28,11,F2,1,0,0,0.5,1258
28,12,F1,1,0,0,0.75,1259
28,13,F3,0,1,0,0.25,1260
28,14,F1,1,0,0,0.75,1261
28,15,Target,1,1,1,1,1252
28,16,F1,0,1,0,0.75,1262
28,17,F2,1,0,0,0.5,1263
28,18,F2,1,0,0,0.5,1264
28,19,Target,1,1,1,1,1265
28,20,F3,0,1,0,0.25,1266
28,21,F2,1,0,0,0.5,1267
28,22,F3,0,1,0,0.25,1268
28,23,F2,0,1,0,0.5,1269
28,24,F3,0,1,0,0.25,1259
28,25,Target,1,1,1,1,1270
28,26,F1,0,1,0,0.75,1271
28,27,F2,0,1,0,0.5,1272
28,28,Target,1,1,1,1,1273
28,29,F3,0,1,0,0.25,1274
28,30,F1,1,0,0,0.75,1275
28,31,Target,1,1,1,1,1276
28,32,F3,1,0,0,0.25,1277
28,33,F2,1,0,0,0.5,1278
28,34,Target,1,1,1,1,1279
28,35,F2,1,0,0,0.5,1280
28,36,Target,1,1,1,1,1281
28,37,F1,1,0,0,0.75,1282
28,38,F1,1,0,0,0.75,1283
28,39,F3,0,1,0,0.25,1284
28,40,F1,1,0,0,0.75,1285
28,41,F2,0,1,0,0.5,1286
28,42,F1,1,0,0,0.75,1278
28,43,Target,1,1,1,1,1283
28,44,F2,1,0,0,0.5,1287
28,45,Target,1,1,1,1,1285
28,46,F3,1,0,0,0.25,1288
28,47,Target,1,1,1,1,1289
28,48,F2,1,0,0,0.5,1290
28,49,F2,0,1,0,0.5,1291
28,50,F1,1,0,0,0.75,1270
28,51,F2,0,1,0,0.5,1292
28,52,F2,1,0,0,0.5,1276
28,53,F2,0,1,0,0.5,1293
28,54,F2,1,0,0,0.5,1294
28,55,F3,1,0,0,0.25,1295
28,56,F2,1,0,0,0.5,1255
28,57,F3,1,0,0,0.25,1269
28,58,F3,0,1,0,0.25,1296
28,59,F2,0,1,0,0.5,1275
28,60,F3,0,1,0,0.25,1297
28,61,F1,0,1,0,0.75,1251
28,62,Target,1,1,1,1,1298
28,63,F3,0,1,0,0.25,1299
28,64,F2,0,1,0,0.5,1300
28,65,F2,1,0,0,0.5,1301
28,66,F1,1,0,0,0.75,1269
28,67,Target,1,1,1,1,1302
28,68,Target,1,1,1,1,1303
28,69,F2,1,0,0,0.5,1253
28,70,F3,0,1,0,0.25,1304
28,71,F1,0,1,0,0.75,1290
28,72,F2,0,1,0,0.5,1305
28,73,F2,1,0,0,0.5,1289
28,74,Target,1,1,1,1,1278
28,75,F2,1,0,0,0.5,1306
28,76,Target,1,1,1,1,1267
28,77,F1,1,0,0,0.75,1274
28,78,F1,1,0,0,0.75,1307
28,79,F3,0,1,0,0.25,1285
28,80,F3,1,0,0,0.25,1276
28,81,F1,1,0,0,0.75,1276
28,82,Target,1,1,1,1,1263
28,83,F3,0,1,0,0.25,1258
28,84,F1,0,1,0,0.75,1308
28,85,F2,1,0,0,0.5,1266
28,86,F3,0,1,0,0.25,1257
28,87,F1,1,0,0,0.75,1281
28,88,F2,0,1,0,0.5,1309
28,89,F3,1,0,0,0.25,1254
28,90,F3,0,1,0,0.25,1292
28,91,Target,1,1,1,1,1299
28,92,F1,1,0,0,0.75,1310
28,93,F3,1,0,0,0.25,1293
28,94,F1,1,0,0,0.75,1306
28,95,Target,1,1,1,1,1311
28,96,Target,0,0,1,1,1277
28,97,F3,1,0,0,0.25,1300
28,98,Target,1,1,1,1,1286
28,99,F3,1,0,0,0.25,1273
28,100,F3,0,1,0,0.25,1312
28,101,F3,0,1,0,0.25,1308
28,102,F1,1,0,0,0.75,1302
28,103,F3,0,1,0,0.25,1291
28,104,F1,1,0,0,0.75,1256
28,105,F3,0,1,0,0.25,1280
28,106,F2,0,1,0,0.5,1313
28,107,Target,1,1,1,1,1260
28,108,F3,1,0,0,0.25,1314
28,109,F1,1,0,0,0.75,1297
28,110,Target,1,1,1,1,1288
28,111,Target,1,1,1,1,1315
28,112,F3,1,0,0,0.25,1252
28,113,F3,0,1,0,0.25,1265
28,114,F3,1,0,0,0.25,1267
28,115,F3,0,1,0,0.25,1316
28,116,F1,1,0,0,0.75,1273
28,117,Target,0,0,1,1,1317
28,118,F1,1,0,0,0.75,1294
28,119,F2,1,0,0,0.5,1273
28,120,F2,0,1,0,0.5,1249
28,121,F1,0,1,0,0.75,1318
28,122,F3,1,0,0,0.25,1319
28,123,Target,1,1,1,1,1250
28,124,F1,0,1,0,0.75,1316
28,125,F1,0,1,0,0.75,1320
28,126,F2,1,0,0,0.5,1297
28,127,Target,1,1,1,1,1261
28,128,Target,0,0,1,1,1309
28,129,Target,1,1,1,1,1274
28,130,F3,0,1,0,0.25,1320
28,131,F2,1,0,0,0.5,1310
28,132,F1,1,0,0,0.75,1272
28,133,Target,1,1,1,1,1268
28,134,F3,0,1,0,0.25,1317
28,135,F1,0,1,0,0.75,1253
28,136,F3,1,0,0,0.25,1310
28,137,F3,1,0,0,0.25,1313
28,138,F1,1,0,0,0.75,1287
28,139,F1,0,1,0,0.75,1300
28,140,F3,1,0,0,0.25,1301
28,141,Target,1,1,1,1,1318
28,142,F1,1,0,0,0.75,1291
28,143,F1,0,1,0,0.75,1312
28,144,F1,1,0,0,0.75,1301
28,145,F3,0,1,0,0.25,1321
28,146,F2,0,1,0,0.5,1257
28,147,Target,1,1,1,1,1287
28,148,F1,1,0,0,0.75,1322
28,149,Target,1,1,1,1,1301
28,150,F2,1,0,0,0.5,1254
28,151,Target,1,1,1,1,1284
28,152,Target,1,1,1,1,1307
28,153,Target,1,1,1,1,1271
28,154,F1,1,0,0,0.75,1305
28,155,Target,1,1,1,1,1316
28,156,Target,1,1,1,1,1259
28,157,Target,1,1,1,1,1291
28,158,F3,1,0,0,0.25,1272
28,159,F1,0,1,0,0.75,1323
28,160,F3,1,0,0,0.25,1306
28,161,F1,1,0,0,0.75,1280
28,162,F2,0,1,0,0.5,1262
28,163,Target,1,1,1,1,1304
28,164,F1,1,0,0,0.75,1266
28,165,Target,0,0,1,1,1305
28,166,F1,1,0,0,0.75,1249
28,167,F2,0,1,0,0.5,1274
28,168,F3,1,0,0,0.25,1324
28,169,F1,0,1,0,0.75,1289
28,170,F2,1,0,0,0.5,1295
28,171,Target,1,1,1,1,1323
28,172,F1,0,1,0,0.75,1325
28,173,F2,0,1,0,0.5,1324
28,174,Target,1,1,1,1,1294
28,175,F1,0,1,0,0.75,1309
28,176,F1,0,1,0,0.75,1324
28,177,F1,0,1,0,0.75,1317
28,178,Target,1,1,1,1,1262
28,179,Target,1,1,1,1,1322
28,180,F1,0,1,0,0.75,1250
28,181,Target,1,1,1,1,1313
28,182,F1,1,0,0,0.75,1293
28,183,F2,0,1,0,0.5,1322
28,184,F2,0,1,0,0.5,1315
28,185,Target,0,0,1,1,1293
28,186,Target,1,1,1,1,1314
28,187,Target,1,1,1,1,1326
28,188,F3,0,1,0,0.25,1283
28,189,F2,1,0,0,0.5,1314
28,190,F2,1,0,0,0.5,1299
28,191,F3,0,1,0,0.25,1290
28,192,F3,0,1,0,0.25,1294
28,193,F1,1,0,0,0.75,1296
28,194,F2,1,0,0,0.5,1317
28,195,Target,1,1,1,1,1266
28,196,F2,1,0,0,0.5,1282
28,197,F2,0,1,0,0.5,1281
28,198,Target,1,1,1,1,1282
28,199,F2,0,1,0,0.5,1323
28,200,F2,1,0,0,0.5,1284
28,201,F1,1,0,0,0.75,1277
28,202,F3,1,0,0,0.25,1278
28,203,F3,0,1,0,0.25,1261
28,204,F3,0,1,0,0.25,1263
28,205,F3,0,1,0,0.25,1318
28,206,F3,1,0,0,0.25,1322
28,207,Target,1,1,1,1,1292
28,208,Target,1,1,1,1,1251
28,209,F2,0,1,0,0.5,1325
28,210,F3,1,0,0,0.25,1315
28,211,F3,1,0,0,0.25,1286
28,212,F2,0,1,0,0.5,1259
28,213,F1,1,0,0,0.75,1257
28,214,Target,1,1,1,1,1254
28,215,F3,0,1,0,0.25,1281
28,216,F3,0,1,0,0.25,1253
28,217,F2,1,0,0,0.5,1320
28,218,F2,0,1,0,0.5,1265
28,219,F2,1,0,0,0.5,1298
28,220,F1,1,0,0,0.75,1321
28,221,F1,1,0,0,0.75,1258
28,222,Target,1,1,1,1,1256
28,223,F3,0,1,0,0.25,1305
28,224,F3,0,1,0,0.25,1326
28,225,F3,0,1,0,0.25,1325
28,226,Target,1,1,1,1,1308
28,227,F3,0,1,0,0.25,1323
28,228,F1,1,0,0,0.75,1319
28,229,F1,1,0,0,0.75,1264
28,230,F1,0,1,0,0.75,1303
28,231,F2,0,1,0,0.5,1307
28,232,F3,1,0,0,0.25,1287
28,233,Target,1,1,1,1,1312
28,234,F1,1,0,0,0.75,1286
28,235,F2,0,1,0,0.5,1296
28,236,Target,1,1,1,1,1272
28,237,F3,0,1,0,0.25,1298
28,238,F2,0,1,0,0.5,1312
28,239,Target,1,1,1,1,1300
28,240,F3,0,1,0,0.25,1264
28,241,F1,1,0,0,0.75,1314
28,242,Target,1,1,1,1,1325
28,243,F2,0,1,0,0.5,1271
28,244,F1,0,1,0,0.75,1295
28,245,F2,0,1,0,0.5,1270
28,246,Target,0,0,1,1,1290
28,247,F3,1,0,0,0.25,1282
28,248,F2,1,0,0,0.5,1277
28,249,F2,0,1,0,0.5,1261
28,250,F2,0,1,0,0.5,1268
28,251,F2,0,1,0,0.5,1279
28,252,Target,1,1,1,1,1321
28,253,Target,1,1,1,1,1269
28,254,F2,1,0,0,0.5,1318
28,255,F2,1,0,0,0.5,1283
28,256,F1,1,0,0,0.75,1265
28,257,Target,0,0,1,1,1258
28,258,F2,0,1,0,0.5,1302
28,259,F1,1,0,0,0.75,1304
28,260,F1,1,0,0,0.75,1279
28,261,F2,0,1,0,0.5,1260
28,262,F1,0,1,0,0.75,1260
28,263,F2,0,1,0,0.5,1321
28,264,Target,1,1,1,1,1319
28,265,F3,0,1,0,0.25,1309
28,266,F3,0,1,0,0.25,1249
28,267,F1,1,0,0,0.75,1284
28,268,F2,0,1,0,0.5,1326
28,269,Target,0,0,1,1,1297
28,270,Target,1,1,1,1,1306
28,271,Target,1,1,1,1,1295
28,272,F2,0,1,0,0.5,1285
28,273,Target,1,1,1,1,1296
28,274,F3,0,1,0,0.25,1262
28,275,F1,1,0,0,0.75,1292
28,276,F3,0,1,0,0.25,1275
28,277,F2,1,0,0,0.5,1311
28,278,F1,0,1,0,0.75,1326
28,279,F3,0,1,0,0.25,1251
28,280,F2,1,0,0,0.5,1316
28,281,Target,1,1,1,1,1324
28,282,F1,1,0,0,0.75,1267
28,283,Target,1,1,1,1,1280
28,284,F2,1,0,0,0.5,1252
28,285,F3,0,1,0,0.25,1271
28,286,F2,0,1,0,0.5,1288
28,287,F3,1,0,0,0.25,1302
28,288,F1,1,0,0,0.75,1263
28,289,F3,0,1,0,0.25,1279
28,290,F3,1,0,0,0.25,1307
28,291,F3,1,0,0,0.25,1270
28,292,Target,1,1,1,1,1264
28,293,F1,1,0,0,0.75,1315
28,294,Target,0,0,1,1,1255
28,295,F2,1,0,0,0.5,1304
28,296,Target,1,1,1,1,1320
28,297,F2,0,1,0,0.5,1308
28,298,F3,0,1,0,0.25,1289
28,299,F3,1,0,0,0.25,1311
28,300,F1,1,0,0,0.75,1255
28,301,Target,1,1,1,1,1275
28,302,F3,0,1,0,0.25,1303
28,303,F2,1,0,0,0.5,1319
28,304,F1,1,0,0,0.75,1299
28,305,F1,1,0,0,0.75,1298
28,306,F1,1,0,0,0.75,1311
28,307,F2,0,1,0,0.5,1303
28,308,F1,1,0,0,0.75,1313
28,309,F3,0,1,0,0.25,1256
28,310,F1,1,0,0,0.75,1268
28,311,F1,0,1,0,0.75,1288
28,312,Target,1,1,1,1,1310
29,1,F2,0,1,0,0.5,1327
29,2,F3,0,1,0,0.25,1328
29,3,F3,0,1,0,0.25,1329
29,4,F1,0,1,0,0.75,1330
29,5,F3,0,1,0,0.25,1331
29,6,F3,0,1,0,0.25,1332
29,7,Target,1,1,1,1,1333
29,8,Target,1,1,1,1,1334
29,9,F3,0,1,0,0.25,1335
29,10,F3,1,0,0,0.25,1336
29,11,F1,1,0,0,0.75,1337
29,12,Target,1,1,1,1,1338
29,13,Target,1,1,1,1,1339
29,14,Target,1,1,1,1,1340
29,15,Target,0,0,1,1,1341
29,16,F1,1,0,0,0.75,1342
29,17,F3,0,1,0,0.25,1340
29,18,Target,1,1,1,1,1343
29,19,F2,0,1,0,0.5,1344
29,20,F3,0,1,0,0.25,1345
29,21,F2,0,1,0,0.5,1346
29,22,Target,1,1,1,1,1347
29,23,F2,0,1,0,0.5,1339
29,24,Target,1,1,1,1,1348
29,25,Target,1,1,1,1,1349
29,26,Target,1,1,1,1,1350
29,27,F3,0,1,0,0.25,1351
29,28,F2,0,1,0,0.5,1352
29,29,F2,0,1,0,0.5,1342
29,30,F2,1,0,0,0.5,1353
29,31,F3,0,1,0,0.25,1354
29,32,F1,0,1,0,0.75,1355
29,33,F1,1,0,0,0.75,1356
29,34,Target,1,1,1,1,1357
29,35,F2,0,1,0,0.5,1358
29,36,F2,0,1,0,0.5,1359
29,37,F3,0,1,0,0.25,1333
29,38,F1,1,0,0,0.75,1336
29,39,Target,1,1,1,1,1359
29,40,F3,0,1,0,0.25,1360
29,41,F3,0,1,0,0.25,1361
29,42,F2,1,0,0,0.5,1332
29,43,F2,1,0,0,0.5,1362
29,44,Target,1,1,1,1,1358
29,45,F1,1,0,0,0.75,1363
29,46,Target,1,1,1,1,1364
29,47,F2,0,1,0,0.5,1365
29,48,F3,0,1,0,0.25,1347
29,49,Target,1,1,1,1,1361
29,50,F2,0,1,0,0.5,1350
29,51,F3,0,1,0,0.25,1366
29,52,Target,1,1,1,1,1367
29,53,F2,0,1,0,0.5,1363
29,54,F1,0,1,0,0.75,1368
29,55,F1,0,1,0,0.75,1334
29,56,F2,1,0,0,0.5,1331
29,57,F2,0,1,0,0.5,1369
29,58,F1,0,1,0,0.75,1370
29,59,Target,1,1,1,1,1371
29,60,F3,0,1,0,0.25,1372
29,61,F1,0,1,0,0.75,1343
29,62,F3,0,1,0,0.25,1373
29,63,F3,0,1,0,0.25,1348
29,64,Target,1,1,1,1,1374
29,65,F2,0,1,0,0.5,1375
29,66,F3,1,0,0,0.25,1368
29,67,F3,0,1,0,0.25,1376
29,68,F3,0,1,0,0.25,1370
29,69,F2,0,1,0,0.5,1377
29,70,Target,1,1,1,1,1378
29,71,F1,1,0,0,0.75,1347
29,72,F2,1,0,0,0.5,1335
29,73,F2,1,0,0,0.5,1379
29,74,F3,0,1,0,0.25,1337
29,75,F3,0,1,0,0.25,1380
29,76,F1,0,1,0,0.75,1360
29,77,F1,0,1,0,0.75,1349
29,78,F1,0,1,0,0.75,1367
29,79,F3,0,1,0,0.25,1381
29,80,Target,1,1,1,1,1377
29,81,F1,0,1,0,0.75,1335
29,82,F3,0,1,0,0.25,1327
29,83,Target,1,1,1,1,1327
29,84,F1,1,0,0,0.75,1372
29,85,Target,1,1,1,1,1351
29,86,F2,0,1,0,0.5,1348
29,87,F1,1,0,0,0.75,1382
29,88,F1,0,1,0,0.75,1383
29,89,Target,1,1,1,1,1345
29,90,F1,1,0,0,0.75,1384
29,91,F3,0,1,0,0.25,1365
29,92,F1,0,1,0,0.75,1385
29,93,F2,1,0,0,0.5,1366
29,94,F2,0,1,0,0.5,1341
29,95,F2,0,1,0,0.5,1386
29,96,F1,1,0,0,0.75,1387
29,97,F1,0,1,0,0.75,1361
29,98,F2,0,1,0,0.5,1374
29,99,F2,0,1,0,0.5,1338
29,100,F2,0,1,0,0.5,1371
29,101,Target,1,1,1,1,1346
29,102,F1,0,1,0,0.75,1371
29,103,F3,0,1,0,0.25,1377
29,104,F2,0,1,0,0.5,1380
29,105,F1,1,0,0,0.75,1380
29,106,F3,0,1,0,0.25,1350
29,107,F3,0,1,0,0.25,1364
29,108,F3,0,1,0,0.25,1386
29,109,Target,1,1,1,1,1388
29,110,F1,0,1,0,0.75,1378
29,111,F1,1,0,0,0.75,1389
29,112,F3,0,1,0,0.25,1355
29,113,F3,0,1,0,0.25,1379
29,114,F3,0,1,0,0.25,1341
29,115,F1,1,0,0,0.75,1350
29,116,Target,1,1,1,1,1379
29,117,F3,0,1,0,0.25,1390
29,118,F3,0,1,0,0.25,1369
29,119,F3,0,1,0,0.25,1391
29,120,F3,0,1,0,0.25,1392
29,121,F3,0,1,0,0.25,1356
29,122,F2,0,1,0,0.5,1381
29,123,F3,0,1,0,0.25,1393
29,124,F1,0,1,0,0.75,1327
29,125,Target,1,1,1,1,1372
29,126,F2,1,0,0,0.5,1345
29,127,F2,1,0,0,0.5,1384
29,128,Target,1,1,1,1,1354
29,129,F1,0,1,0,0.75,1369
29,130,F2,1,0,0,0.5,1333
29,131,F1,1,0,0,0.75,1394
29,132,F2,0,1,0,0.5,1360
29,133,F2,0,1,0,0.5,1395
29,134,F1,0,1,0,0.75,1365
29,135,F3,0,1,0,0.25,1396
29,136,F2,0,1,0,0.5,1364
29,137,F2,0,1,0,0.5,1378
29,138,F3,1,0,0,0.25,1358
29,139,F2,0,1,0,0.5,1343
29,140,Target,1,1,1,1,1356
29,141,F2,0,1,0,0.5,1394
29,142,F2,1,0,0,0.5,1382
29,143,F1,0,1,0,0.75,1397
29,144,Target,1,1,1,1,1335
29,145,F2,1,0,0,0.5,1370
29,146,Target,1,1,1,1,1352
29,147,F2,0,1,0,0.5,1393
29,148,F1,1,0,0,0.75,1331
29,149,Target,1,1,1,1,1395
29,150,F1,0,1,0,0.75,1373
29,151,F1,0,1,0,0.75,1340
29,152,Target,0,0,1,1,1394
29,153,Target,1,1,1,1,1360
29,154,F2,0,1,0,0.5,1398
29,155,F1,1,0,0,0.75,1338
29,156,F2,0,1,0,0.5,1373
29,157,Target,1,1,1,1,1336
29,158,F3,0,1,0,0.25,1357
29,159,F1,0,1,0,0.75,1359
29,160,F3,0,1,0,0.25,1342
29,161,F1,1,0,0,0.75,1390
29,162,F3,1,0,0,0.25,1363
29,163,F3,0,1,0,0.25,1385
29,164,F3,0,1,0,0.25,1338
29,165,F3,0,1,0,0.25,1375
29,166,F3,0,1,0,0.25,1367
29,167,Target,1,1,1,1,1383
29,168,Target,1,1,1,1,1375
29,169,F1,0,1,0,0.75,1346
29,170,Target,1,1,1,1,1368
29,171,F3,0,1,0,0.25,1359
29,172,Target,1,1,1,1,1329
29,173,F1,0,1,0,0.75,1399
29,174,F2,0,1,0,0.5,1400
29,175,F1,0,1,0,0.75,1357
29,176,F3,0,1,0,0.25,1383
29,177,F2,0,1,0,0.5,1372
29,178,F2,0,1,0,0.5,1401
29,179,Target,1,1,1,1,1393
29,180,F3,0,1,0,0.25,1400
29,181,F3,0,1,0,0.25,1378
29,182,F1,0,1,0,0.75,1376
29,183,F2,1,0,0,0.5,1351
29,184,F2,1,0,0,0.5,1387
29,185,Target,1,1,1,1,1370
29,186,F2,1,0,0,0.5,1389
29,187,F3,0,1,0,0.25,1343
29,188,F1,1,0,0,0.75,1358
29,189,F3,1,0,0,0.25,1374
29,190,F2,0,1,0,0.5,1390
29,191,F2,0,1,0,0.5,1354
29,192,Target,1,1,1,1,1387
29,193,F3,0,1,0,0.25,1352
29,194,F3,0,1,0,0.25,1371
29,195,F1,1,0,0,0.75,1364
29,196,Target,1,1,1,1,1344
29,197,Target,0,0,1,1,1355
29,198,Target,1,1,1,1,1397
29,199,Target,1,1,1,1,1389
29,200,Target,1,1,1,1,1353
29,201,F1,1,0,0,0.75,1393
29,202,Target,1,1,1,1,1380
29,203,F3,0,1,0,0.25,1362
29,204,F2,0,1,0,0.5,1330
29,205,F3,0,1,0,0.25,1344
29,206,F1,0,1,0,0.75,1400
29,207,F1,1,0,0,0.75,1401
29,208,F1,1,0,0,0.75,1339
29,209,F1,0,1,0,0.75,1354
29,210,F3,1,0,0,0.25,1394
29,211,F1,1,0,0,0.75,1402
29,212,F1,1,0,0,0.75,1352
29,213,Target,1,1,1,1,1330
29,214,F1,1,0,0,0.75,1391
29,215,Target,1,1,1,1,1400
29,216,F2,0,1,0,0.5,1334
29,217,F3,1,0,0,0.25,1353
29,218,F1,1,0,0,0.75,1362
29,219,F1,0,1,0,0.75,1328
29,220,F2,0,1,0,0.5,1328
29,221,F2,0,1,0,0.5,1347
29,222,F1,1,0,0,0.75,1396
29,223,Target,1,1,1,1,1331
29,224,F3,1,0,0,0.25,1346
29,225,Target,1,1,1,1,1398
29,226,Target,1,1,1,1,1342
29,227,F3,0,1,0,0.25,1398
29,228,F1,0,1,0,0.75,1329
29,229,Target,1,1,1,1,1382
29,230,Target,1,1,1,1,1396
29,231,F3,0,1,0,0.25,1330
29,232,F3,1,0,0,0.25,1384
29,233,F1,0,1,0,0.75,1388
29,234,Target,1,1,1,1,1403
29,235,F3,0,1,0,0.25,1387
29,236,F2,0,1,0,0.5,1397
29,237,Target,1,1,1,1,1381
29,238,Target,1,1,1,1,1362
29,239,Target,1,1,1,1,1369
29,240,Target,1,1,1,1,1332
29,241,Target,1,1,1,1,1401
29,242,Target,0,0,1,1,1385
29,243,F1,0,1,0,0.75,1366
29,244,F2,0,1,0,0.5,1367
29,245,F1,1,0,0,0.75,1333
29,246,Target,1,1,1,1,1365
29,247,F2,1,0,0,0.5,1376
29,248,F2,1,0,0,0.5,1337
29,249,F2,1,0,0,0.5,1385
29,250,F2,0,1,0,0.5,1391
29,251,F3,0,1,0,0.25,1388
29,252,F2,0,1,0,0.5,1388
29,253,Target,1,1,1,1,1376
29,254,F1,0,1,0,0.75,1351
29,255,Target,0,0,1,1,1386
29,256,F1,1,0,0,0.75,1398
29,257,F3,0,1,0,0.25,1395
29,258,F1,1,0,0,0.75,1403
29,259,F3,0,1,0,0.25,1382
29,260,Target,1,1,1,1,1366
29,261,F3,0,1,0,0.25,1397
29,262,F2,0,1,0,0.5,1402
29,263,F3,0,1,0,0.25,1401
29,264,F2,0,1,0,0.5,1355
29,265,F1,0,1,0,0.75,1377
29,266,F3,0,1,0,0.25,1334
29,267,F2,0,1,0,0.5,1399
29,268,F1,1,0,0,0.75,1353
29,269,Target,1,1,1,1,1402
29,270,F1,1,0,0,0.75,1344
29,271,Target,1,1,1,1,1373
29,272,Target,0,0,1,1,1404
29,273,F1,0,1,0,0.75,1395
29,274,Target,1,1,1,1,1363
29,275,F1,0,1,0,0.75,1341
29,276,F1,0,1,0,0.75,1332
29,277,F2,0,1,0,0.5,1361
29,278,F2,0,1,0,0.5,1356
29,279,F1,0,1,0,0.75,1386
29,280,F2,0,1,0,0.5,1336
29,281,F1,1,0,0,0.75,1348
29,282,F1,0,1,0,0.75,1404
29,283,F2,0,1,0,0.5,1349
29,284,F3,0,1,0,0.25,1389
29,285,F2,0,1,0,0.5,1392
29,286,F2,0,1,0,0.5,1383
29,287,F1,0,1,0,0.75,1381
29,288,F3,0,1,0,0.25,1404
29,289,F3,1,0,0,0.25,1349
29,290,F2,0,1,0,0.5,1340
29,291,F2,0,1,0,0.5,1404
29,292,Target,1,1,1,1,1399
29,293,F2,1,0,0,0.5,1396
29,294,F2,1,0,0,0.5,1403
29,295,F1,1,0,0,0.75,1392
29,296,F3,0,1,0,0.25,1339
29,297,F1,1,0,0,0.75,1374
29,298,Target,1,1,1,1,1391
29,299,F3,0,1,0,0.25,1399
29,300,F1,1,0,0,0.75,1375
29,301,Target,1,1,1,1,1390
29,302,Target,1,1,1,1,1337
29,303,F2,1,0,0,0.5,1357
29,304,F2,0,1,0,0.5,1368
29,305,Target,1,1,1,1,1328
29,306,F3,0,1,0,0.25,1402
29,307,F1,1,0,0,0.75,1379
29,308,Target,1,1,1,1,1392
29,309,F1,1,0,0,0.75,1345
29,310,F3,0,1,0,0.25,1403
29,311,Target,1,1,1,1,1384
29,312,F2,0,1,0,0.5,1329
30,1,F1,1,0,0,0.75,1483
30,2,Target,1,1,1,1,1484
30,3,F2,0,1,0,0.5,1485
30,4,F3,0,1,0,0.25,1486
30,5,F3,0,1,0,0.25,1487
30,6,F3,1,0,0,0.25,1488
30,7,F1,0,1,0,0.75,1489
30,8,Target,1,1,1,1,1490
30,9,F1,0,1,0,0.75,1491
30,10,Target,1,1,1,1,1486
30,11,F2,0,1,0,0.5,1492
30,12,Target,1,1,1,1,1493
30,13,F2,0,1,0,0.5,1494
30,14,F1,1,0,0,0.75,1495
30,15,F3,0,1,0,0.25,1496
30,16,F1,1,0,0,0.75,1497
30,17,F3,0,1,0,0.25,1498
30,18,Target,1,1,1,1,1499
30,19,F3,0,1,0,0.25,1497
30,20,Target,1,1,1,1,1500
30,21,F1,1,0,0,0.75,1496
30,22,F1,1,0,0,0.75,1501
30,23,F3,0,1,0,0.25,1502
30,24,F1,1,0,0,0.75,1503
30,25,F2,0,1,0,0.5,1504
30,26,Target,1,1,1,1,1505
30,27,F3,1,0,0,0.25,1491
30,28,Target,1,1,1,1,1506
30,29,F1,0,1,0,0.75,1507
30,30,Target,1,1,1,1,1508
30,31,Target,1,1,1,1,1509
30,32,F3,0,1,0,0.25,1510
30,33,F3,1,0,0,0.25,1511
30,34,F2,0,1,0,0.5,1490
30,35,Target,1,1,1,1,1512
30,36,F3,0,1,0,0.25,1513
30,37,Target,1,1,1,1,1514
30,38,F3,0,1,0,0.25,1494
30,39,Target,1,1,1,1,1515
30,40,F3,1,0,0,0.25,1516
30,41,F1,1,0,0,0.75,1517
30,42,F3,1,0,0,0.25,1518
30,43,F3,0,1,0,0.25,1519
30,44,F3,1,0,0,0.25,1520
30,45,F3,0,1,0,0.25,1521
30,46,F1,1,0,0,0.75,1522
30,47,F1,1,0,0,0.75,1505
30,48,F3,0,1,0,0.25,1500
30,49,Target,1,1,1,1,1523
30,50,F1,1,0,0,0.75,1524
30,51,F1,1,0,0,0.75,1525
30,52,F3,1,0,0,0.25,1526
30,53,F1,0,1,0,0.75,1502
30,54,Target,1,1,1,1,1527
30,55,F2,0,1,0,0.5,1510
30,56,F1,0,1,0,0.75,1514
30,57,Target,1,1,1,1,1519
30,58,Target,1,1,1,1,1528
30,59,F3,0,1,0,0.25,1529
30,60,F2,0,1,0,0.5,1529
30,61,F1,0,1,0,0.75,1530
30,62,F3,0,1,0,0.25,1525
30,63,Target,1,1,1,1,1501
30,64,F2,0,1,0,0.5,1486
30,65,F2,1,0,0,0.5,1531
30,66,F3,1,0,0,0.25,1532
30,67,Target,1,1,1,1,1526
30,68,Target,0,0,1,1,1497
30,69,F1,0,1,0,0.75,1515
30,70,F2,0,1,0,0.5,1495
30,71,F2,1,0,0,0.5,1533
30,72,F2,0,1,0,0.5,1534
30,73,F2,0,1,0,0.5,1527
30,74,F1,0,1,0,0.75,1500
30,75,F1,0,1,0,0.75,1535
30,76,F1,0,1,0,0.75,1528
30,77,F2,0,1,0,0.5,1501
30,78,F1,1,0,0,0.75,1536
30,79,Target,0,0,1,1,1537
30,80,F2,0,1,0,0.5,1530
30,81,F1,1,0,0,0.75,1538
30,82,F2,0,1,0,0.5,1502
30,83,F3,0,1,0,0.25,1508
30,84,F2,0,1,0,0.5,1539
30,85,Target,1,1,1,1,1536
30,86,F1,0,1,0,0.75,1490
30,87,Target,1,1,1,1,1540
30,88,F2,1,0,0,0.5,1520
30,89,Target,1,1,1,1,1492
30,90,F1,1,0,0,0.75,1541
30,91,F2,0,1,0,0.5,1509
30,92,F1,1,0,0,0.75,1529
30,93,F2,0,1,0,0.5,1518
30,94,F2,0,1,0,0.5,1512
30,95,Target,1,1,1,1,1529
30,96,F3,0,1,0,0.25,1542
30,97,F2,0,1,0,0.5,1528
30,98,F1,1,0,0,0.75,1533
30,99,F2,0,1,0,0.5,1541
30,100,F1,0,1,0,0.75,1493
30,101,F1,0,1,0,0.75,1543
30,102,Target,1,1,1,1,1516
30,103,F1,1,0,0,0.75,1518
30,104,F1,1,0,0,0.75,1531
30,105,F3,0,1,0,0.25,1484
30,106,F2,0,1,0,0.5,1544
30,107,F3,0,1,0,0.25,1531
30,108,F1,1,0,0,0.75,1545
30,109,F1,0,1,0,0.75,1540
30,110,F2,0,1,0,0.5,1546
30,111,F3,0,1,0,0.25,1547
30,112,F1,0,1,0,0.75,1499
30,113,F3,0,1,0,0.25,1536
30,114,F2,1,0,0,0.5,1491
30,115,F1,0,1,0,0.75,1521
30,116,F2,1,0,0,0.5,1488
30,117,Target,0,0,1,1,1548
30,118,Target,1,1,1,1,1549
30,119,Target,1,1,1,1,1507
30,120,F1,0,1,0,0.75,1550
30,121,F2,1,0,0,0.5,1503
30,122,F1,1,0,0,0.75,1516
30,123,F3,0,1,0,0.25,1483
30,124,F1,0,1,0,0.75,1519
30,125,F1,1,0,0,0.75,1537
30,126,F2,0,1,0,0.5,1551
30,127,F2,0,1,0,0.5,1505
30,128,F1,1,0,0,0.75,1509
30,129,F3,0,1,0,0.25,1512
30,130,F2,0,1,0,0.5,1552
30,131,F3,0,1,0,0.25,1527
30,132,F1,0,1,0,0.75,1551
30,133,F1,1,0,0,0.75,1549
30,134,F3,1,0,0,0.25,1504
30,135,F3,0,1,0,0.25,1505
30,136,F3,0,1,0,0.25,1509
30,137,F3,0,1,0,0.25,1553
30,138,F2,0,1,0,0.5,1538
30,139,Target,1,1,1,1,1554
30,140,F2,0,1,0,0.5,1496
30,141,Target,1,1,1,1,1495
30,142,F2,1,0,0,0.5,1535
30,143,F2,0,1,0,0.5,1521
30,144,F2,0,1,0,0.5,1547
30,145,Target,1,1,1,1,1538
30,146,F2,1,0,0,0.5,1526
30,147,Target,0,0,1,1,1555
30,148,F2,0,1,0,0.5,1515
30,149,Target,1,1,1,1,1532
30,150,Target,1,1,1,1,1535
30,151,F3,0,1,0,0.25,1556
30,152,F1,1,0,0,0.75,1557
30,153,F3,0,1,0,0.25,1514
30,154,Target,1,1,1,1,1513
30,155,Target,0,0,1,1,1545
30,156,F3,0,1,0,0.25,1558
30,157,F2,0,1,0,0.5,1523
30,158,Target,1,1,1,1,1503
30,159,F2,0,1,0,0.5,1508
30,160,F1,1,0,0,0.75,1553
30,161,F3,0,1,0,0.25,1507
30,162,F3,0,1,0,0.25,1546
30,163,F2,0,1,0,0.5,1549
30,164,Target,1,1,1,1,1559
30,165,F1,1,0,0,0.75,1523
30,166,F1,1,0,0,0.75,1486
30,167,F1,0,1,0,0.75,1534
30,168,F1,1,0,0,0.75,1532
30,169,F1,0,1,0,0.75,1555
30,170,Target,1,1,1,1,1521
30,171,F1,0,1,0,0.75,1511
30,172,F1,0,1,0,0.75,1488
30,173,F3,0,1,0,0.25,1560
30,174,F2,0,1,0,0.5,1560
30,175,F3,1,0,0,0.25,1543
30,176,F2,0,1,0,0.5,1536
30,177,F3,0,1,0,0.25,1552
30,178,F3,0,1,0,0.25,1550
30,179,F3,0,1,0,0.25,1545
30,180,F1,0,1,0,0.75,1546
30,181,F2,0,1,0,0.5,1553
30,182,F3,0,1,0,0.25,1555
30,183,F3,0,1,0,0.25,1506
30,184,F2,0,1,0,0.5,1558
30,185,F1,0,1,0,0.75,1556
30,186,Target,1,1,1,1,1541
30,187,F2,0,1,0,0.5,1525
30,188,F3,0,1,0,0.25,1501
30,189,F2,0,1,0,0.5,1555
30,190,F3,0,1,0,0.25,1503
30,191,F3,0,1,0,0.25,1495
30,192,F3,0,1,0,0.25,1485
30,193,F2,0,1,0,0.5,1506
30,194,F2,0,1,0,0.5,1513
30,195,F2,0,1,0,0.5,1519
30,196,F2,1,0,0,0.5,1550
30,197,Target,0,0,1,1,1551
30,198,Target,1,1,1,1,1491
30,199,F2,1,0,0,0.5,1516
30,200,Target,1,1,1,1,1552
30,201,Target,1,1,1,1,1517
30,202,F1,0,1,0,0.75,1492
30,203,Target,1,1,1,1,1557
30,204,F2,0,1,0,0.5,1524
30,205,Target,1,1,1,1,1556
30,206,F3,1,0,0,0.25,1535
30,207,Target,1,1,1,1,1483
30,208,F1,0,1,0,0.75,1510
30,209,F1,0,1,0,0.75,1560
30,210,F3,0,1,0,0.25,1554
30,211,F3,0,1,0,0.25,1499
30,212,Target,1,1,1,1,1534
30,213,F3,0,1,0,0.25,1540
30,214,F2,0,1,0,0.5,1542
30,215,F3,0,1,0,0.25,1534
30,216,F3,0,1,0,0.25,1492
30,217,F2,0,1,0,0.5,1497
30,218,F2,1,0,0,0.5,1493
30,219,F1,0,1,0,0.75,1527
30,220,F3,0,1,0,0.25,1539
30,221,F1,0,1,0,0.75,1506
30,222,F1,1,0,0,0.75,1544
30,223,F3,0,1,0,0.25,1533
30,224,F1,0,1,0,0.75,1494
30,225,Target,1,1,1,1,1487
30,226,Target,1,1,1,1,1504
30,227,Target,1,1,1,1,1531
30,228,F1,1,0,0,0.75,1526
30,229,F3,0,1,0,0.25,1524
30,230,F1,1,0,0,0.75,1520
30,231,Target,1,1,1,1,1533
30,232,Target,1,1,1,1,1522
30,233,Target,0,0,1,1,1485
30,234,F2,0,1,0,0.5,1498
30,235,F1,1,0,0,0.75,1498
30,236,Target,0,0,1,1,1511
30,237,Target,1,1,1,1,1520
30,238,Target,0,0,1,1,1530
30,239,F3,0,1,0,0.25,1490
30,240,F2,1,0,0,0.5,1532
30,241,Target,1,1,1,1,1489
30,242,Target,1,1,1,1,1544
30,243,Target,1,1,1,1,1518
30,244,F2,0,1,0,0.5,1511
30,245,Target,1,1,1,1,1498
30,246,Target,1,1,1,1,1524
30,247,Target,0,0,1,1,1539
30,248,F2,0,1,0,0.5,1514
30,249,Target,0,0,1,1,1542
30,250,F1,0,1,0,0.75,1484
30,251,F2,0,1,0,0.5,1559
30,252,F1,0,1,0,0.75,1513
30,253,Target,1,1,1,1,1547
30,254,F3,0,1,0,0.25,1493
30,255,F2,0,1,0,0.5,1557
30,256,F2,0,1,0,0.5,1522
30,257,Target,0,0,1,1,1558
30,258,F2,0,1,0,0.5,1543
30,259,Target,1,1,1,1,1550
30,260,F2,1,0,0,0.5,1554
30,261,F2,0,1,0,0.5,1500
30,262,F3,0,1,0,0.25,1551
30,263,F1,0,1,0,0.75,1559
30,264,F3,0,1,0,0.25,1549
30,265,F1,0,1,0,0.75,1539
30,266,Target,0,0,1,1,1494
30,267,F1,0,1,0,0.75,1558
30,268,F1,0,1,0,0.75,1487
30,269,F3,0,1,0,0.25,1522
30,270,F3,0,1,0,0.25,1548
30,271,F3,0,1,0,0.25,1530
30,272,F1,0,1,0,0.75,1548
30,273,F2,0,1,0,0.5,1548
30,274,F3,0,1,0,0.25,1515
30,275,F3,0,1,0,0.25,1517
30,276,Target,1,1,1,1,1496
30,277,Target,0,0,1,1,1560
30,278,F2,0,1,0,0.5,1517
30,279,F1,0,1,0,0.75,1504
30,280,F3,0,1,0,0.25,1541
30,281,F2,0,1,0,0.5,1537
30,282,F3,0,1,0,0.25,1528
30,283,F2,0,1,0,0.5,1499
30,284,Target,1,1,1,1,1553
30,285,F1,0,1,0,0.75,1485
30,286,F1,1,0,0,0.75,1552
30,287,F1,0,1,0,0.75,1542
30,288,Target,1,1,1,1,1488
30,289,Target,1,1,1,1,1525
30,290,F2,0,1,0,0.5,1507
30,291,F2,1,0,0,0.5,1489
30,292,F2,0,1,0,0.5,1487
30,293,F3,0,1,0,0.25,1538
30,294,F2,0,1,0,0.5,1484
30,295,F1,1,0,0,0.75,1547
30,296,Target,1,1,1,1,1502
30,297,F3,0,1,0,0.25,1559
30,298,F2,0,1,0,0.5,1556
30,299,F3,0,1,0,0.25,1523
30,300,F2,0,1,0,0.5,1540
30,301,F3,0,1,0,0.25,1544
30,302,Target,1,1,1,1,1546
30,303,F3,0,1,0,0.25,1489
30,304,Target,0,0,1,1,1543
30,305,F1,1,0,0,0.75,1554
30,306,F3,0,1,0,0.25,1557
30,307,F2,0,1,0,0.5,1545
30,308,F1,1,0,0,0.75,1508
30,309,Target,0,0,1,1,1510
30,310,F3,0,1,0,0.25,1537
30,311,F2,0,1,0,0.5,1483
30,312,F1,1,0,0,0.75,1512
